activity_id,hr_avg,hr_min,hr_max,hr_median,first_half_avg,second_half_avg,cardiac_drift,pct_over_150,pct_over_160,pct_over_170
18493710061,116.1,76,155,115,108.4,123.7,15.4,1.5,0.0,0.0
18481978856,116.6,76,145,117,113.2,120.0,6.8,0.0,0.0,0.0
18467530996,114.1,83,145,113,106.3,121.5,15.2,0.0,0.0,0.0
18457054611,110.3,76,141,110,105.3,115.3,10.0,0.0,0.0,0.0
18428288789,103.7,71,136,105,97.8,109.6,11.8,0.0,0.0,0.0
18415943335,110.0,87,135,109,109.6,110.5,0.9,0.0,0.0,0.0
18392782860,127.8,98,163,129,135.5,120.1,-15.5,5.8,0.5,0.0
18389801053,111.3,84,137,111,110.3,112.4,2.0,0.0,0.0,0.0
18374617331,105.3,67,135,108,97.2,113.1,15.9,0.0,0.0,0.0
18360909142,140.6,115,153,141,137.7,143.2,5.5,2.1,0.0,0.0
18336017603,119.4,77,158,119,116.2,122.6,6.4,2.8,0.0,0.0
18321719035,143.2,115,157,144,138.1,148.2,10.0,24.1,0.0,0.0
18309887967,121.9,91,153,122,125.3,118.4,-6.9,0.6,0.0,0.0
18298138877,115.1,87,143,116,109.0,121.2,12.2,0.0,0.0,0.0
18280844849,112.9,72,148,112,104.9,120.9,16.0,0.0,0.0,0.0
18269988361,106.8,71,141,108,101.8,111.7,9.9,0.0,0.0,0.0
18255994258,142.9,109,156,143,141.3,144.5,3.3,6.6,0.0,0.0
18241582169,109.4,77,130,112,102.5,116.0,13.5,0.0,0.0,0.0
18232542572,129.1,101,148,129,129.3,128.9,-0.4,0.0,0.0,0.0
18227590099,109.0,76,137,109,107.1,110.9,3.7,0.0,0.0,0.0
18203891321,109.2,90,137,109,111.6,106.9,-4.6,0.0,0.0,0.0
18188360839,143.6,112,159,144,140.8,146.4,5.6,7.2,0.0,0.0
18178219942,97.8,67,133,98,92.0,103.4,11.4,0.0,0.0,0.0
18162408469,131.4,111,148,132,133.4,129.4,-4.0,0.0,0.0,0.0
18139389027,95.6,72,124,98,101.6,89.6,-12.0,0.0,0.0,0.0
18111207682,99.0,78,111,100,99.7,98.3,-1.4,0.0,0.0,0.0
18095590132,110.9,84,139,111,109.6,112.2,2.6,0.0,0.0,0.0
18082502615,151.0,125,164,152,149.6,152.5,2.9,62.8,1.9,0.0
18056388917,104.3,69,128,104,99.0,109.5,10.5,0.0,0.0,0.0
18047168098,150.2,127,162,152,144.8,155.7,10.9,60.9,4.6,0.0
18021794503,131.4,79,148,133,122.1,140.5,18.4,0.0,0.0,0.0
18016674701,118.0,95,153,117,117.7,118.3,0.6,0.4,0.0,0.0
18005832507,153.3,101,169,155,148.3,158.2,9.9,79.7,15.4,0.0
18003269621,112.4,63,146,115,103.9,120.8,16.8,0.0,0.0,0.0
17990347740,116.7,78,150,116,111.9,121.4,9.5,0.0,0.0,0.0
17976971428,155.9,90,169,160,149.5,162.4,12.9,81.3,45.1,0.0
17953327083,112.9,88,139,113,111.3,114.4,3.2,0.0,0.0,0.0
17942760448,128.1,99,155,129,124.5,131.7,7.2,1.0,0.0,0.0
17928677633,117.9,71,150,119,111.9,123.9,12.0,0.0,0.0,0.0
17915357989,94.8,78,105,95,94.7,94.9,0.2,0.0,0.0,0.0
17915357836,149.8,105,165,153,145.9,153.6,7.7,69.1,6.0,0.0
17890640926,127.8,103,163,128,121.8,133.8,12.0,4.5,0.8,0.0
17881594801,148.4,105,158,151,143.6,153.1,9.5,51.3,0.0,0.0
17858262140,109.7,75,156,107,101.2,118.2,17.0,4.2,0.0,0.0
17858262172,108.3,75,138,106,102.1,114.4,12.3,0.0,0.0,0.0
17835623772,96.3,76,128,95,95.4,97.1,1.7,0.0,0.0,0.0
17796558346,130.9,89,160,131,125.5,136.2,10.7,4.4,0.0,0.0
17796558335,118.6,89,137,119,116.2,120.9,4.7,0.0,0.0,0.0
17770295589,130.3,103,164,129,126.8,133.9,7.0,4.0,0.6,0.0
17744884844,104.9,78,132,107,101.4,108.5,7.1,0.0,0.0,0.0
17690144727,111.6,81,144,113,103.3,119.5,16.2,0.0,0.0,0.0
17664696636,104.8,69,141,105,95.7,113.9,18.2,0.0,0.0,0.0
17653309831,130.7,96,159,132,128.5,132.9,4.4,4.1,0.0,0.0
17638668134,118.9,80,157,119,111.1,126.3,15.2,1.9,0.0,0.0
17620908624,111.1,76,145,109,104.1,118.1,14.0,0.0,0.0,0.0
17608972061,115.8,76,150,114,111.9,119.7,7.8,0.0,0.0,0.0
17594859324,101.2,68,138,104,93.1,108.5,15.3,0.0,0.0,0.0
17558197768,116.5,80,149,116,108.2,124.6,16.4,0.0,0.0,0.0
17558197889,98.4,79,118,100,95.9,100.7,4.8,0.0,0.0,0.0
17558197760,108.1,84,136,108,112.9,103.6,-9.3,0.0,0.0,0.0
17535234891,125.6,93,147,128,128.7,122.3,-6.4,0.0,0.0,0.0
17534718158,97.9,85,110,100,95.0,98.0,3.0,0.0,0.0,0.0
17525956186,109.7,80,138,109,105.2,114.0,8.8,0.0,0.0,0.0
17510999962,107.3,72,142,107,100.7,113.9,13.2,0.0,0.0,0.0
17499003131,112.3,72,155,110,101.6,122.6,21.0,6.2,0.0,0.0
17478040446,120.0,88,154,120,111.7,128.0,16.3,2.5,0.0,0.0
17477884135,112.1,98,125,112,112.2,112.0,-0.1,0.0,0.0,0.0
17463991898,112.9,72,149,114,102.5,123.1,20.6,0.0,0.0,0.0
17460709987,117.9,83,148,117,113.2,122.6,9.4,0.0,0.0,0.0
17640062921,109.2,82,138,109,106.1,112.3,6.2,0.0,0.0,0.0
17640062979,103.5,72,139,102,92.5,114.4,21.9,0.0,0.0,0.0
17419807509,121.3,92,151,121,126.0,116.4,-9.6,1.2,0.0,0.0
17419807503,142.9,109,160,145,140.4,145.8,5.4,32.8,0.0,0.0
17386449488,106.2,69,153,104,94.4,118.0,23.6,0.7,0.0,0.0
17377182880,97.7,72,136,98,89.7,105.5,15.8,0.0,0.0,0.0
17353664022,113.1,69,151,113,107.3,118.9,11.6,0.3,0.0,0.0
17341158842,112.8,79,146,113,110.5,115.1,4.7,0.0,0.0,0.0
17331455663,103.2,76,132,103,101.0,105.4,4.4,0.0,0.0,0.0
17311000555,118.4,82,155,118,112.7,124.0,11.3,1.4,0.0,0.0
17298009739,110.6,85,141,109,106.4,114.8,8.4,0.0,0.0,0.0
17288119418,109.2,83,141,107,113.2,105.1,-8.1,0.0,0.0,0.0
17263818170,103.1,71,130,104,95.7,110.3,14.7,0.0,0.0,0.0
17253876775,120.8,89,149,121,127.1,114.6,-12.5,0.0,0.0,0.0
17240814703,120.8,69,151,122,111.0,130.0,18.9,0.1,0.0,0.0
17230904693,106.6,73,149,105,102.2,110.9,8.8,0.0,0.0,0.0
17220006470,110.0,76,141,110,110.1,110.0,-0.1,0.0,0.0,0.0
17201509841,112.1,78,146,111,104.8,119.2,14.4,0.0,0.0,0.0
17188970012,114.8,77,149,114,107.2,122.3,15.1,0.0,0.0,0.0
17175185550,101.2,65,125,105,92.6,109.3,16.7,0.0,0.0,0.0
17167929336,118.5,76,164,118,105.7,131.0,25.3,9.3,3.2,0.0
17167929335,118.8,84,151,118,115.0,122.5,7.5,0.2,0.0,0.0
17167929332,106.6,76,146,105,95.6,117.3,21.7,0.0,0.0,0.0
17110330623,116.7,83,159,114,105.5,127.7,22.1,7.8,0.0,0.0
17110330622,120.9,84,156,120,114.6,127.1,12.5,3.0,0.0,0.0
17075714330,103.0,60,160,101,90.1,115.1,25.0,4.4,0.0,0.0
17062005714,113.0,72,151,114,107.5,118.4,10.9,0.1,0.0,0.0
17037435744,102.0,68,128,103,96.9,107.0,10.1,0.0,0.0,0.0
17022823169,113.4,84,146,110,108.1,118.7,10.6,0.0,0.0,0.0
17005821240,106.2,83,132,106,103.6,108.8,5.2,0.0,0.0,0.0
16992598079,120.6,67,143,122,117.0,124.1,7.2,0.0,0.0,0.0
16981611791,144.9,91,158,150,136.3,153.4,17.0,49.0,0.0,0.0
16970587732,119.1,87,152,118,112.4,125.8,13.4,0.9,0.0,0.0
16960684857,117.5,83,160,116,110.5,124.4,13.8,5.0,0.0,0.0
16947747494,101.4,61,144,102,94.0,108.6,14.6,0.0,0.0,0.0
16937774674,110.4,79,140,110,106.3,114.4,8.1,0.0,0.0,0.0
16925145110,112.7,85,136,115,109.0,116.3,7.3,0.0,0.0,0.0
16916081028,107.4,78,144,107,101.3,113.6,12.2,0.0,0.0,0.0
16897231359,120.6,90,146,124,114.5,126.7,12.2,0.0,0.0,0.0
16857014501,126.1,95,158,126,121.8,130.3,8.4,4.4,0.0,0.0
16804865165,105.1,66,139,108,95.3,114.8,19.5,0.0,0.0,0.0
16776226974,113.1,74,141,112,112.0,114.2,2.2,0.0,0.0,0.0
16764108841,108.9,73,135,112,100.9,116.6,15.6,0.0,0.0,0.0
16750403164,110.1,74,150,109,100.5,119.6,19.1,0.0,0.0,0.0
16749559715,108.0,82,131,108,108.0,108.0,-0.0,0.0,0.0,0.0
16689606629,104.2,71,131,106,95.3,112.6,17.3,0.0,0.0,0.0
16689606628,126.9,89,168,127,116.0,137.9,21.9,14.8,3.4,0.0
16689606625,110.0,88,138,109,110.4,109.5,-0.9,0.0,0.0,0.0
16645005965,109.8,74,151,111,105.5,113.9,8.4,0.3,0.0,0.0
16634224068,123.7,87,154,120,106.9,140.6,33.7,8.1,0.0,0.0
16620504357,104.0,74,151,103,96.2,111.9,15.6,0.5,0.0,0.0
16582804404,147.5,117,160,152,138.5,156.5,18.0,53.9,0.0,0.0
16578596856,110.3,81,134,111,107.0,113.5,6.5,0.0,0.0,0.0
16568626458,130.6,100,161,129,126.7,134.4,7.7,10.6,0.2,0.0
16556371132,112.6,73,144,113,107.2,118.0,10.8,0.0,0.0,0.0
16519213155,119.2,91,151,118,116.1,122.4,6.3,0.2,0.0,0.0
16487298455,132.0,83,167,131,119.2,144.8,25.5,15.3,3.8,0.0
16456805028,142.9,119,161,142,132.3,153.4,21.1,33.6,0.5,0.0
16490497609,97.6,67,137,98,87.8,106.7,18.9,0.0,0.0,0.0
16387733709,123.6,94,142,124,121.1,126.1,4.9,0.0,0.0,0.0
16378311613,109.7,77,137,109,111.2,108.3,-2.9,0.0,0.0,0.0
16365754916,95.3,66,128,96,88.4,102.0,13.6,0.0,0.0,0.0
16343604947,104.1,73,137,104,98.9,109.4,10.5,0.0,0.0,0.0
16335370284,103.9,69,140,106,97.9,109.6,11.7,0.0,0.0,0.0
16313951865,117.1,91,144,118,116.8,117.3,0.5,0.0,0.0,0.0
16305320890,114.3,84,148,113,110.0,118.6,8.5,0.0,0.0,0.0
16286042813,104.0,65,139,104,102.8,105.2,2.4,0.0,0.0,0.0
16277019441,123.4,104,163,119,118.4,128.6,10.2,8.2,0.4,0.0
16272696136,101.3,70,133,101,97.3,105.2,7.9,0.0,0.0,0.0
16245694688,119.5,72,160,118,114.8,124.2,9.4,6.0,0.0,0.0
16225384738,112.9,85,149,112,108.4,117.6,9.2,0.0,0.0,0.0
16223771124,144.4,108,159,147,136.6,152.2,15.6,29.4,0.0,0.0
16213493132,109.7,81,141,110,106.0,113.3,7.3,0.0,0.0,0.0
16205502682,144.0,118,156,147,137.5,150.5,13.0,22.9,0.0,0.0
16195648238,123.6,84,157,122,118.7,128.5,9.8,5.6,0.0,0.0
16182361571,141.7,114,154,146,134.6,148.8,14.1,11.5,0.0,0.0
16172089358,110.4,82,134,112,104.5,116.3,11.8,0.0,0.0,0.0
16163438309,116.7,86,147,118,110.7,122.5,11.9,0.0,0.0,0.0
16142666204,118.2,73,159,119,113.0,123.3,10.4,6.0,0.0,0.0
16131639139,102.6,72,137,104,98.6,106.7,8.1,0.0,0.0,0.0
16122028435,111.9,77,141,113,105.1,118.5,13.4,0.0,0.0,0.0
16109296244,114.3,89,150,114,114.4,114.2,-0.2,0.0,0.0,0.0
16099472755,137.5,98,151,139,130.5,144.6,14.1,0.8,0.0,0.0
16099472779,103.6,66,147,103,95.6,111.3,15.7,0.0,0.0,0.0
16089160698,110.3,84,135,112,109.0,111.5,2.4,0.0,0.0,0.0
16078458933,101.6,74,140,102,100.8,102.3,1.5,0.0,0.0,0.0
16053441643,105.6,77,132,106,104.6,106.6,1.9,0.0,0.0,0.0
16033221855,117.5,93,144,117,119.3,115.6,-3.7,0.0,0.0,0.0
16023595887,141.6,115,158,142,133.8,149.4,15.7,20.6,0.0,0.0
16013085317,112.5,91,142,113,116.8,108.2,-8.6,0.0,0.0,0.0
16101187943,109.4,72,139,111,102.6,116.0,13.4,0.0,0.0,0.0
15977959354,107.7,74,141,109,103.5,111.7,8.2,0.0,0.0,0.0
15957546185,116.1,87,143,116,113.3,118.9,5.7,0.0,0.0,0.0
15956461721,147.5,108,159,151,140.7,154.2,13.4,51.0,0.0,0.0
15944606126,108.5,69,141,109,100.5,116.6,16.1,0.0,0.0,0.0
15924923649,105.6,78,142,106,101.0,110.3,9.3,0.0,0.0,0.0
15913553546,115.4,76,140,116,110.3,120.5,10.2,0.0,0.0,0.0
15900574669,103.6,68,128,105,98.0,109.0,11.0,0.0,0.0,0.0
15898968088,134.5,116,150,134,128.5,140.5,12.0,0.0,0.0,0.0
15887853289,109.6,100,118,110,105.8,112.6,6.8,0.0,0.0,0.0
15887853282,151.6,121,161,155,147.3,155.8,8.5,79.2,1.3,0.0
15866594485,112.8,86,146,112,107.6,117.8,10.2,0.0,0.0,0.0
15864236654,143.3,117,157,144,135.6,151.0,15.4,29.5,0.0,0.0
15858485342,107.2,78,136,107,103.5,110.8,7.3,0.0,0.0,0.0
15846253805,117.3,97,152,115,121.4,113.3,-8.1,0.3,0.0,0.0
15824210476,102.0,83,129,101,103.5,100.6,-2.8,0.0,0.0,0.0
15780034841,116.1,92,147,116,114.2,118.0,3.8,0.0,0.0,0.0
15780034498,113.7,72,143,119,103.1,124.3,21.2,0.0,0.0,0.0
16101188217,119.0,80,150,121,112.6,125.2,12.6,0.0,0.0,0.0
15757320473,115.0,80,140,115,111.5,118.5,6.9,0.0,0.0,0.0
15744324113,107.9,78,138,106,105.5,110.3,4.7,0.0,0.0,0.0
15698528309,122.5,88,157,122,117.5,127.3,9.8,1.2,0.0,0.0
15685172158,121.8,88,154,122,118.1,125.4,7.3,0.4,0.0,0.0
16101188317,113.9,79,144,115,104.2,123.5,19.3,0.0,0.0,0.0
15653479886,110.8,81,135,113,104.9,116.4,11.5,0.0,0.0,0.0
15626872723,114.0,87,146,114,114.3,113.7,-0.7,0.0,0.0,0.0
15609324378,121.2,93,153,121,120.2,122.1,1.9,0.4,0.0,0.0
15596091333,100.8,75,133,100,96.3,105.1,8.8,0.0,0.0,0.0
15584962145,110.5,72,140,110,106.4,114.5,8.2,0.0,0.0,0.0
15550283416,108.7,74,135,110,103.0,114.4,11.4,0.0,0.0,0.0
15539819844,114.4,77,140,115,111.2,117.5,6.3,0.0,0.0,0.0
15518142180,111.3,69,142,112,107.1,115.5,8.4,0.0,0.0,0.0
16101188098,107.2,75,137,108,101.3,113.1,11.8,0.0,0.0,0.0
15495294039,141.1,94,155,145,134.1,148.1,14.0,6.6,0.0,0.0
15480811114,100.0,72,136,100,98.3,101.7,3.4,0.0,0.0,0.0
15470531129,105.0,75,131,105,102.0,108.1,6.1,0.0,0.0,0.0
15459356527,107.2,81,136,107,101.2,113.3,12.0,0.0,0.0,0.0
15451638212,109.4,73,148,107,103.4,115.4,12.0,0.0,0.0,0.0
15451638234,106.1,73,137,105,98.8,113.2,14.3,0.0,0.0,0.0
15379021540,99.7,66,140,102,91.2,108.0,16.7,0.0,0.0,0.0
15366291609,121.4,91,151,122,121.7,121.2,-0.5,0.1,0.0,0.0
15355195063,107.8,73,152,107,101.4,114.1,12.7,0.5,0.0,0.0
15366290654,98.2,71,132,98,96.2,100.2,4.1,0.0,0.0,0.0
15324623799,142.0,117,159,143,141.9,142.1,0.1,15.2,0.0,0.0
15310427923,99.6,65,132,101,93.6,105.6,12.0,0.0,0.0,0.0
15324623938,96.7,71,128,97,96.0,97.4,1.4,0.0,0.0,0.0
15280087765,123.7,105,137,124,122.8,124.6,1.9,0.0,0.0,0.0
15279240652,99.3,75,129,97,97.6,101.1,3.5,0.0,0.0,0.0
15296089641,120.5,113,129,121,121.9,119.2,-2.7,0.0,0.0,0.0
15296089725,107.6,70,135,109,102.7,112.4,9.7,0.0,0.0,0.0
15265031747,141.7,121,160,142,135.0,148.5,13.4,13.7,0.0,0.0
15256009378,121.2,83,158,122,119.2,123.1,3.9,0.8,0.0,0.0
15296091221,129.9,102,158,131,134.5,125.3,-9.2,1.6,0.0,0.0
15223153648,112.8,86,143,113,111.9,113.6,1.6,0.0,0.0,0.0
15214984682,115.4,85,147,114,107.7,123.1,15.4,0.0,0.0,0.0
15203103360,111.5,69,140,111,106.3,116.7,10.4,0.0,0.0,0.0
15169916708,108.3,82,143,107,108.4,108.2,-0.2,0.0,0.0,0.0
15157059025,111.0,71,143,113,104.6,117.2,12.6,0.0,0.0,0.0
15139329998,93.2,74,103,93,92.8,93.5,0.7,0.0,0.0,0.0
15079046791,96.5,78,110,97,95.8,97.3,1.5,0.0,0.0,0.0
15046191993,97.5,77,130,95,94.8,100.1,5.3,0.0,0.0,0.0
15046192178,88.7,75,110,87,88.1,89.4,1.3,0.0,0.0,0.0
14966746630,102.2,77,134,101,98.9,105.6,6.7,0.0,0.0,0.0
14916856573,150.8,109,172,153,146.9,154.6,7.6,63.4,11.4,0.5
14905874289,95.2,75,122,95,92.9,97.7,4.8,0.0,0.0,0.0
14809129539,101.8,75,138,100,100.8,102.9,2.0,0.0,0.0,0.0
14790202123,108.1,79,139,108,104.7,111.4,6.7,0.0,0.0,0.0
14749197078,105.7,78,137,106,102.5,109.0,6.5,0.0,0.0,0.0
14725151254,113.8,82,137,114,110.5,117.0,6.4,0.0,0.0,0.0
14703683085,118.4,88,153,119,111.9,124.8,12.9,0.4,0.0,0.0
14666926063,118.0,102,136,119,115.4,120.6,5.3,0.0,0.0,0.0
14665797131,119.7,93,146,120,118.3,121.2,2.9,0.0,0.0,0.0
14636623921,89.1,66,103,90,88.4,89.9,1.5,0.0,0.0,0.0
14632723073,107.3,73,143,108,97.4,117.0,19.6,0.0,0.0,0.0
14613652192,106.2,82,131,106,105.8,106.6,0.8,0.0,0.0,0.0
14595784670,104.3,87,111,104,105.2,103.3,-1.9,0.0,0.0,0.0
14593947424,147.4,111,165,149,142.1,153.1,10.9,42.1,2.8,0.0
14583192995,117.2,91,141,116,120.8,113.6,-7.2,0.0,0.0,0.0
14571970763,109.8,76,135,110,105.2,114.5,9.3,0.0,0.0,0.0
14565657486,109.4,79,154,109,106.4,112.4,6.0,0.3,0.0,0.0
14556075319,122.0,86,156,122,121.5,122.5,1.0,0.8,0.0,0.0
14533832858,139.7,105,161,142,140.0,139.5,-0.5,11.9,0.1,0.0
14512241186,137.6,99,167,139,132.3,142.7,10.3,11.6,2.5,0.0
14493786842,129.5,84,162,130,133.2,125.9,-7.3,5.5,0.3,0.0
14491239358,115.0,90,140,116,113.7,116.4,2.6,0.0,0.0,0.0
14473335467,93.8,71,104,96,95.8,91.7,-4.0,0.0,0.0,0.0
14469586929,114.4,94,147,112,115.6,113.3,-2.3,0.0,0.0,0.0
14428485789,106.5,70,138,108,100.1,112.9,12.8,0.0,0.0,0.0
14386233325,108.1,74,132,109,105.7,110.5,4.8,0.0,0.0,0.0
14378435507,148.2,113,168,149,145.7,150.8,5.1,32.6,0.3,0.0
14367675664,133.9,109,163,134,138.5,129.3,-9.2,4.3,0.2,0.0
14355665942,121.4,87,146,122,117.4,125.4,8.0,0.0,0.0,0.0
14347628933,134.2,105,152,135,135.6,132.8,-2.7,1.8,0.0,0.0
14323105569,112.1,83,142,112,106.1,118.0,12.0,0.0,0.0,0.0
14315900431,143.9,96,166,144,139.5,148.2,8.7,15.9,4.6,0.0
14282207832,102.5,80,128,101,102.4,102.7,0.4,0.0,0.0,0.0
14276670215,143.3,101,161,144,139.8,146.8,7.0,23.0,0.1,0.0
14276670247,109.3,95,117,109,110.1,108.4,-1.7,0.0,0.0,0.0
14275507057,114.5,82,140,115,110.6,118.3,7.7,0.0,0.0,0.0
14266884140,145.0,108,157,146,140.7,149.0,8.3,25.2,0.0,0.0
14266456727,102.6,71,133,103,97.2,108.0,10.8,0.0,0.0,0.0
14244241424,117.1,94,147,115,118.9,115.4,-3.6,0.0,0.0,0.0
14234954011,125.6,89,151,131,115.2,136.1,20.9,0.4,0.0,0.0
14223690099,121.5,84,159,120,120.4,122.5,2.1,1.5,0.0,0.0
14217839996,148.9,111,169,154,155.5,142.4,-13.1,58.9,14.2,0.0
14207115812,112.5,78,153,112,105.4,119.4,13.9,0.3,0.0,0.0
14197930547,115.6,80,152,115,116.1,115.1,-1.0,0.9,0.0,0.0
14178358884,119.7,92,155,119,123.2,116.2,-7.0,0.3,0.0,0.0
14176340568,144.1,87,159,146,141.0,147.4,6.4,15.9,0.0,0.0
14171061768,115.8,91,152,115,109.1,122.3,13.1,0.1,0.0,0.0
14147444176,110.0,81,145,109,109.2,110.8,1.7,0.0,0.0,0.0
14139100693,116.0,82,145,115,117.3,114.7,-2.6,0.0,0.0,0.0
14128445670,129.0,92,140,132,129.7,128.3,-1.4,0.0,0.0,0.0
14118720885,115.2,78,148,115,108.5,121.7,13.2,0.0,0.0,0.0
14107952807,110.4,79,142,110,109.9,110.8,0.9,0.0,0.0,0.0
14100157192,116.2,82,152,116,112.1,120.4,8.3,0.2,0.0,0.0
14078606439,107.9,68,136,109,103.6,112.1,8.5,0.0,0.0,0.0
14072859761,137.7,118,161,138,135.3,139.9,4.6,5.8,0.3,0.0
14072332711,122.7,86,151,122,120.6,124.7,4.1,0.2,0.0,0.0
14072332730,110.0,84,136,110,110.1,110.0,-0.1,0.0,0.0,0.0
14022158700,112.7,80,141,113,109.3,116.0,6.7,0.0,0.0,0.0
14020985898,138.5,109,159,139,134.3,142.7,8.4,15.2,0.0,0.0
14012268955,109.2,73,133,109,106.6,111.8,5.2,0.0,0.0,0.0
14021026359,121.0,85,149,122,117.8,124.0,6.2,0.0,0.0,0.0
13997125177,105.7,83,138,104,102.6,108.6,5.9,0.0,0.0,0.0
13987110287,149.8,105,162,151,149.3,150.2,0.9,56.6,2.1,0.0
14021026744,107.7,74,152,106,104.7,110.6,5.8,0.6,0.0,0.0
13959681716,120.2,85,150,121,119.7,120.8,1.0,0.0,0.0,0.0
13931306670,129.9,106,153,129,130.7,129.1,-1.6,1.0,0.0,0.0
13921053043,112.0,72,140,113,107.4,116.6,9.2,0.0,0.0,0.0
13921053025,103.3,79,144,101,104.2,102.4,-1.9,0.0,0.0,0.0
13901297966,121.3,83,149,122,118.8,123.7,4.9,0.0,0.0,0.0
13890103887,111.4,86,134,110,107.5,115.2,7.7,0.0,0.0,0.0
13881957918,103.2,66,145,105,94.8,111.6,16.8,0.0,0.0,0.0
13874096786,137.5,122,145,139,134.9,140.1,5.2,0.0,0.0,0.0
13867594963,93.8,78,118,90,108.6,88.5,-20.0,0.0,0.0,0.0
13865146077,115.6,72,155,116,111.5,119.8,8.2,0.5,0.0,0.0
14021027594,97.8,82,113,98,95.1,98.6,3.6,0.0,0.0,0.0
13856065812,106.5,73,138,107,100.2,112.7,12.5,0.0,0.0,0.0
13852846114,109.0,78,144,109,105.3,112.8,7.6,0.0,0.0,0.0
13843540591,115.7,77,146,114,112.5,118.9,6.4,0.0,0.0,0.0
13837662834,101.4,85,117,101,101.7,101.2,-0.5,0.0,0.0,0.0
13817691480,113.8,93,144,112,115.0,112.7,-2.4,0.0,0.0,0.0
13808862290,107.7,67,146,108,98.5,117.0,18.6,0.0,0.0,0.0
13808867113,107.0,76,136,106,105.8,108.2,2.4,0.0,0.0,0.0
13760961245,157.3,144,167,157,156.1,158.6,2.5,93.5,27.2,0.0
13755571146,100.9,78,122,103,104.5,97.4,-7.1,0.0,0.0,0.0
13753723052,102.4,76,130,101,95.3,109.4,14.2,0.0,0.0,0.0
13753723053,110.6,80,143,111,108.6,112.8,4.2,0.0,0.0,0.0
13715282913,110.8,74,139,110,108.3,113.3,5.0,0.0,0.0,0.0
13708981582,106.7,80,137,106,104.9,108.5,3.6,0.0,0.0,0.0
13708981578,110.4,85,139,109,105.0,115.7,10.7,0.0,0.0,0.0
13680092856,108.8,72,140,110,106.4,111.1,4.8,0.0,0.0,0.0
13662354290,102.0,59,143,105,89.4,114.4,25.0,0.0,0.0,0.0
13654667646,112.0,81,144,112,105.3,118.8,13.5,0.0,0.0,0.0
13646818408,105.1,77,142,103,103.0,107.2,4.2,0.0,0.0,0.0
13636205442,103.0,76,135,104,95.3,110.6,15.3,0.0,0.0,0.0
13612115135,109.9,80,142,110,104.7,115.0,10.3,0.0,0.0,0.0
13603274121,101.1,73,152,103,92.3,110.0,17.7,0.1,0.0,0.0
13565965161,145.0,128,157,145,139.5,150.5,11.0,31.1,0.0,0.0
13555004085,106.9,83,136,105,101.5,112.1,10.6,0.0,0.0,0.0
13548374714,139.0,110,151,143,134.7,143.3,8.5,10.2,0.0,0.0
13496516778,108.6,72,143,108,105.3,111.9,6.7,0.0,0.0,0.0
13496523900,114.4,88,143,115,109.6,119.3,9.7,0.0,0.0,0.0
13473798817,107.6,81,142,107,104.0,111.3,7.3,0.0,0.0,0.0
13442642866,108.5,83,131,110,104.5,112.5,8.0,0.0,0.0,0.0
13435924499,113.1,94,144,111,113.0,113.3,0.3,0.0,0.0,0.0
13418365614,116.3,94,147,116,116.2,116.5,0.3,0.0,0.0,0.0
13406931788,112.3,90,142,113,110.9,113.6,2.7,0.0,0.0,0.0
13391658034,116.9,94,144,118,114.9,118.8,3.9,0.0,0.0,0.0
13344958182,117.8,84,147,119,109.8,125.8,16.1,0.0,0.0,0.0
13335950867,126.4,102,152,126,123.2,129.6,6.4,0.2,0.0,0.0
13328257301,121.0,83,148,122,116.2,125.9,9.7,0.0,0.0,0.0
13320344832,117.3,87,146,118,107.9,126.8,18.9,0.0,0.0,0.0
13302821570,113.8,75,139,115,107.6,119.9,12.3,0.0,0.0,0.0
13291758904,115.2,81,149,120,102.1,128.4,26.3,0.0,0.0,0.0
13267203069,124.4,92,155,124,115.8,132.8,17.1,3.5,0.0,0.0
13251402166,111.0,94,131,111,110.8,111.2,0.4,0.0,0.0,0.0
13250735716,96.6,76,110,98,98.8,92.3,-6.5,0.0,0.0,0.0
13233081863,128.5,85,157,131,130.4,126.5,-4.0,5.2,0.0,0.0
13227011885,128.7,114,144,129,126.3,131.1,4.8,0.0,0.0,0.0
13226059508,124.8,101,147,124,124.8,124.9,0.2,0.0,0.0,0.0
13224152801,155.3,97,169,158,150.1,160.4,10.3,75.5,27.7,0.0
13217629227,97.6,87,111,97,95.3,98.1,2.9,0.0,0.0,0.0
13203007365,103.3,66,131,104,98.9,107.6,8.7,0.0,0.0,0.0
13169346658,122.9,82,154,124,118.6,127.2,8.6,0.9,0.0,0.0
13156584272,113.1,86,149,112,117.8,109.8,-8.0,0.0,0.0,0.0
13151479883,107.9,67,136,110,107.8,108.0,0.2,0.0,0.0,0.0
13165433251,94.9,75,127,94,94.2,95.5,1.3,0.0,0.0,0.0
13143734873,112.1,76,145,115,104.9,119.2,14.2,0.0,0.0,0.0
13136631541,127.3,88,154,127,124.7,129.9,5.2,0.7,0.0,0.0
13131239687,121.1,103,136,121,119.8,122.3,2.4,0.0,0.0,0.0
13128794570,120.2,85,154,120,119.8,120.6,0.8,0.7,0.0,0.0
13116202528,114.2,74,151,116,111.0,117.3,6.3,0.1,0.0,0.0
13103340142,127.4,106,155,127,127.3,127.6,0.3,1.1,0.0,0.0
13094247923,125.9,102,156,125,132.7,119.2,-13.5,2.6,0.0,0.0
13082014924,125.0,97,166,124,116.5,133.5,17.0,5.3,1.7,0.0
13075777766,148.2,116,162,152,141.0,155.3,14.3,53.2,2.2,0.0
13061312902,118.0,81,147,119,121.3,114.8,-6.5,0.0,0.0,0.0
13045142114,113.5,87,141,114,110.1,116.9,6.8,0.0,0.0,0.0
13042145669,116.6,91,135,117,110.8,122.3,11.5,0.0,0.0,0.0
13034175809,131.4,107,158,131,126.8,135.8,9.1,2.1,0.0,0.0
13017703249,93.0,71,111,95,87.3,95.4,8.0,0.0,0.0,0.0
12996100502,108.1,80,125,109,107.0,109.3,2.3,0.0,0.0,0.0
12990199866,112.0,84,143,113,119.8,104.5,-15.3,0.0,0.0,0.0
12983013258,117.1,75,154,116,117.8,116.3,-1.5,0.9,0.0,0.0
12955516981,106.3,77,132,109,101.0,111.6,10.6,0.0,0.0,0.0
12948214600,90.0,72,112,90,88.7,90.9,2.2,0.0,0.0,0.0
12940271400,113.9,92,146,113,117.9,110.1,-7.8,0.0,0.0,0.0
12932896416,106.9,79,142,106,106.2,107.5,1.3,0.0,0.0,0.0
12915650048,117.4,91,150,117,116.7,118.2,1.4,0.0,0.0,0.0
12909550939,146.7,103,166,144,140.0,153.5,13.5,33.2,19.6,0.0
12887276673,109.2,74,143,108,107.9,110.5,2.5,0.0,0.0,0.0
12879345590,128.2,108,147,128,127.7,128.6,0.8,0.0,0.0,0.0
12876357056,114.6,85,140,114,109.7,119.5,9.7,0.0,0.0,0.0
12871530299,126.4,99,149,126,125.7,127.1,1.3,0.0,0.0,0.0
12861286797,149.9,104,164,150,151.5,149.3,-2.2,47.4,9.6,0.0
12847879464,101.0,71,134,101,95.0,107.1,12.1,0.0,0.0,0.0
12840675929,138.6,105,150,142,137.0,140.3,3.3,0.0,0.0,0.0
12844444361,101.0,91,109,101,99.2,101.2,2.0,0.0,0.0,0.0
12832515848,119.3,98,142,118,118.9,119.7,0.7,0.0,0.0,0.0
12824433237,135.6,100,144,137,133.1,138.2,5.1,0.0,0.0,0.0
12824255186,111.6,89,139,111,109.5,113.6,4.1,0.0,0.0,0.0
12814801230,142.4,108,154,142,142.0,142.7,0.7,1.0,0.0,0.0
12792852970,148.4,96,160,153,141.9,154.8,12.9,57.9,0.0,0.0
12786000000,143.8,106,154,146,138.0,149.6,11.6,14.6,0.0,0.0
12776565768,110.6,85,139,111,108.8,112.5,3.7,0.0,0.0,0.0
12768856049,134.5,92,148,135,136.1,132.8,-3.3,0.0,0.0,0.0
12710164387,108.8,78,135,109,106.2,111.3,5.1,0.0,0.0,0.0
12692429720,134.7,108,156,136,128.5,140.9,12.4,3.8,0.0,0.0
12692429685,122.2,101,150,121,121.2,123.3,2.1,0.0,0.0,0.0
12681480608,145.1,98,159,147,139.4,150.8,11.4,29.4,0.0,0.0
12680100826,111.9,75,137,113,106.8,117.0,10.2,0.0,0.0,0.0
12661470009,147.7,100,160,149,146.3,149.1,2.8,34.7,0.0,0.0
12661469818,120.4,96,155,119,119.0,121.7,2.7,1.8,0.0,0.0
12640473673,148.2,89,162,149,147.6,148.9,1.4,24.8,0.4,0.0
12630208768,113.8,73,143,115,112.4,115.3,2.8,0.0,0.0,0.0
12855464592,100.7,81,113,103,100.3,100.7,0.4,0.0,0.0,0.0
12625969203,144.2,103,154,145,141.5,146.8,5.3,9.9,0.0,0.0
12625969149,116.0,88,140,115,112.0,119.9,7.9,0.0,0.0,0.0
12615506121,111.4,83,145,110,111.7,111.1,-0.6,0.0,0.0,0.0
12594402890,145.6,128,161,146,145.2,146.0,0.8,19.0,0.2,0.0
12584654402,150.1,91,168,153,147.2,153.2,6.0,60.9,6.5,0.0
12580807481,116.6,86,149,116,114.3,118.9,4.7,0.0,0.0,0.0
12571954762,116.7,87,150,117,110.6,122.9,12.2,0.0,0.0,0.0
12571954816,106.5,79,121,109,105.4,106.9,1.5,0.0,0.0,0.0
12542508720,107.8,85,137,109,105.9,109.7,3.7,0.0,0.0,0.0
12502277432,108.0,87,136,108,105.6,110.4,4.8,0.0,0.0,0.0
12496581967,146.0,81,162,146,147.4,144.6,-2.8,28.7,1.7,0.0
12488069569,95.5,85,110,95,96.8,94.2,-2.6,0.0,0.0,0.0
12488684223,135.7,105,156,137,131.6,139.9,8.3,3.7,0.0,0.0
12485802044,113.3,87,155,112,112.3,114.3,1.9,1.6,0.0,0.0
12484582480,111.0,87,134,112,109.1,112.8,3.6,0.0,0.0,0.0
12471667558,125.3,89,158,128,126.6,124.0,-2.7,3.6,0.0,0.0
12468904947,157.2,121,169,159,155.2,159.2,4.0,90.6,36.0,0.0
12468904962,147.9,126,158,148,146.2,149.5,3.3,35.9,0.0,0.0
12468904693,127.2,107,142,127,125.7,128.6,2.9,0.0,0.0,0.0
12468904689,115.3,76,149,114,111.7,118.9,7.2,0.0,0.0,0.0
12451871165,144.7,110,157,147,139.0,150.4,11.4,21.9,0.0,0.0
12451871156,111.5,76,134,113,107.0,115.9,8.8,0.0,0.0,0.0
12402102195,121.2,91,151,121,121.8,120.6,-1.2,0.2,0.0,0.0
12396453568,146.6,113,160,149,139.8,153.3,13.5,45.6,0.0,0.0
12396453488,115.8,92,141,115,114.5,117.0,2.4,0.0,0.0,0.0
12353529018,140.4,89,157,141,141.2,139.5,-1.7,1.9,0.0,0.0
12353528580,107.4,73,133,109,102.0,112.8,10.7,0.0,0.0,0.0
12349500193,126.3,109,151,126,126.6,125.9,-0.6,0.2,0.0,0.0
12349500198,126.2,105,152,125,127.1,125.3,-1.8,0.3,0.0,0.0
12328849957,147.2,96,160,150,145.3,149.0,3.7,42.6,0.0,0.0
12328849847,114.9,90,149,113,115.7,114.1,-1.7,0.0,0.0,0.0
12309397056,127.8,114,145,125,135.3,120.4,-14.9,0.0,0.0,0.0
12308313759,117.9,79,158,117,117.9,117.9,-0.1,0.4,0.0,0.0
12293549353,156.6,125,166,159,153.7,159.4,5.7,82.2,41.3,0.0
12293549348,161.2,113,173,165,156.5,165.9,9.4,85.9,78.3,8.9
12293549352,158.7,108,176,165,148.6,168.8,20.2,75.4,59.2,17.1
12293549121,108.0,77,135,108,105.2,110.7,5.5,0.0,0.0,0.0
12293549405,100.5,82,114,101,100.2,100.6,0.4,0.0,0.0,0.0
12293549343,119.2,89,152,120,117.8,120.6,2.7,0.5,0.0,0.0
12231323192,100.3,75,147,96,101.9,98.7,-3.2,0.0,0.0,0.0
12199898348,124.0,91,160,122,121.0,127.1,6.1,7.1,0.0,0.0
12196659527,115.3,80,147,115,113.2,117.4,4.1,0.0,0.0,0.0
12183397662,107.6,74,135,109,100.7,114.3,13.6,0.0,0.0,0.0
12166712723,105.0,76,136,106,102.9,107.1,4.2,0.0,0.0,0.0
12158756186,118.5,77,148,119,116.6,120.3,3.7,0.0,0.0,0.0
12158756183,106.3,78,133,108,99.5,113.0,13.5,0.0,0.0,0.0
12132576982,113.6,79,145,114,110.1,117.0,6.9,0.0,0.0,0.0
12121516181,120.1,82,144,121,118.8,121.4,2.6,0.0,0.0,0.0
12121516182,113.3,80,139,114,107.0,119.4,12.3,0.0,0.0,0.0
12121516177,107.9,73,142,108,105.3,110.5,5.2,0.0,0.0,0.0
12121516008,108.4,78,139,108,106.2,110.5,4.3,0.0,0.0,0.0
12071978492,147.1,96,165,150,136.5,157.7,21.2,48.9,12.1,0.0
12069873397,114.8,96,134,114,113.9,115.7,1.8,0.0,0.0,0.0
12069873408,109.1,86,131,111,104.7,113.5,8.8,0.0,0.0,0.0
12069873415,98.1,85,104,98,97.3,98.2,1.0,0.0,0.0,0.0
12032181448,108.6,84,136,108,108.3,108.9,0.6,0.0,0.0,0.0
12027497034,119.3,86,149,121,115.8,122.7,6.9,0.0,0.0,0.0
12011750543,108.4,83,140,109,105.7,111.5,5.8,0.0,0.0,0.0
12003844728,152.9,88,169,155,146.7,159.0,12.3,71.0,11.7,0.0
12003844605,108.9,68,143,109,105.3,112.5,7.2,0.0,0.0,0.0
11994590746,105.7,77,134,106,107.4,104.0,-3.4,0.0,0.0,0.0
11994590724,109.8,86,140,109,106.2,113.4,7.1,0.0,0.0,0.0
11963595127,113.0,81,143,115,107.4,118.4,11.0,0.0,0.0,0.0
11955222370,113.4,79,143,113,113.2,113.7,0.5,0.0,0.0,0.0
11955222360,120.9,96,152,121,121.0,120.8,-0.2,0.1,0.0,0.0
11939185186,148.3,104,177,149,145.4,151.2,5.8,37.7,8.0,2.6
11929142876,109.4,78,136,111,106.1,112.7,6.6,0.0,0.0,0.0
11928729055,110.4,83,140,111,107.3,113.3,6.0,0.0,0.0,0.0
11928728894,122.4,84,147,122,119.0,125.8,6.8,0.0,0.0,0.0
11905884423,123.9,90,162,122,119.4,128.5,9.2,9.1,1.0,0.0
11905884435,146.7,100,164,151,136.9,156.5,19.6,51.5,11.0,0.0
11905884409,126.8,75,155,127,125.5,128.1,2.6,0.4,0.0,0.0
11905884411,113.3,98,132,113,112.0,114.7,2.7,0.0,0.0,0.0
11873154592,153.0,118,173,154,143.2,162.8,19.7,63.3,26.6,8.7
11873154550,109.1,72,139,110,103.7,114.3,10.6,0.0,0.0,0.0
11873154528,111.8,88,157,109,114.5,109.1,-5.4,0.4,0.0,0.0
11873154534,117.2,89,143,117,118.6,115.8,-2.9,0.0,0.0,0.0
11873154530,111.4,75,139,111,108.8,114.0,5.2,0.0,0.0,0.0
11823537134,153.0,139,173,151,146.2,160.2,14.0,52.6,17.6,8.3
11823537136,111.4,88,132,112,109.3,113.5,4.2,0.0,0.0,0.0
11816736950,114.3,86,140,115,110.8,117.8,7.1,0.0,0.0,0.0
11815437235,113.4,76,141,114,111.7,115.2,3.5,0.0,0.0,0.0
11798729681,123.7,104,144,124,127.3,119.9,-7.4,0.0,0.0,0.0
11785539157,157.1,113,170,159,151.3,163.0,11.7,84.6,43.0,0.0
11783442643,120.4,94,145,120,120.5,120.3,-0.2,0.0,0.0,0.0
11756317112,109.2,99,118,109,110.5,107.9,-2.6,0.0,0.0,0.0
11740637938,109.8,93,132,110,107.8,111.6,3.8,0.0,0.0,0.0
11737915866,119.0,88,157,121,106.5,131.4,24.9,1.7,0.0,0.0
11676785533,153.3,108,162,157,148.2,158.4,10.2,81.4,8.5,0.0
11672159482,103.5,85,111,104,105.2,101.7,-3.5,0.0,0.0,0.0
11672159461,111.5,84,151,111,109.0,113.9,4.9,0.2,0.0,0.0
11660862913,111.3,92,138,111,107.3,115.2,7.8,0.0,0.0,0.0
11660862919,120.2,89,145,121,119.3,121.1,1.8,0.0,0.0,0.0
11647214574,148.7,100,169,151,144.8,152.6,7.8,52.3,5.8,0.0
11630781312,124.8,74,151,126,121.6,127.9,6.3,0.1,0.0,0.0
11622249479,156.7,86,171,159,150.6,162.9,12.3,86.2,33.1,0.7
11621443651,122.6,100,155,121,123.9,121.3,-2.7,0.4,0.0,0.0
11612783596,122.6,82,174,119,112.8,132.3,19.5,12.9,7.0,1.9
11631797592,129.9,95,156,130,131.3,128.5,-2.8,1.2,0.0,0.0
11597367648,115.5,85,144,116,110.6,120.4,9.8,0.0,0.0,0.0
11596725218,101.4,93,107,102,100.6,102.3,1.7,0.0,0.0,0.0
11596725008,100.7,77,115,103,105.4,96.1,-9.3,0.0,0.0,0.0
11596724867,111.9,105,119,112,109.4,114.2,4.7,0.0,0.0,0.0
11596723827,102.6,72,133,102,97.4,107.5,10.1,0.0,0.0,0.0
11596723966,110.8,78,146,112,106.0,115.5,9.4,0.0,0.0,0.0
11596724851,104.5,88,114,105,103.9,104.9,1.0,0.0,0.0,0.0
11596724170,110.4,78,154,110,96.0,124.9,28.9,1.4,0.0,0.0
11596724312,125.0,96,151,125,120.0,130.2,10.2,0.3,0.0,0.0
11596724306,108.6,84,140,108,102.7,114.3,11.7,0.0,0.0,0.0
11596724666,158.5,117,171,162,151.1,166.5,15.4,87.7,51.8,1.8
11596724518,109.2,74,145,111,117.5,101.0,-16.5,0.0,0.0,0.0
11596724657,108.6,93,125,108,110.5,107.1,-3.4,0.0,0.0,0.0
11596722221,121.0,89,148,120,123.2,118.7,-4.5,0.0,0.0,0.0
10148836075,120.2,79,152,120,118.9,121.6,2.7,0.4,0.0,0.0
10148836446,145.6,110,176,152,150.1,141.0,-9.1,52.2,22.2,2.5
10148837580,109.3,69,143,109,98.4,119.9,21.5,0.0,0.0,0.0
10148837704,126.9,115,138,127,126.4,127.4,1.0,0.0,0.0,0.0
10148838203,119.1,97,155,118,120.2,117.9,-2.3,0.3,0.0,0.0
10148837120,121.1,97,154,121,120.1,122.1,1.9,0.6,0.0,0.0
10148837654,104.4,73,120,105,104.7,104.1,-0.6,0.0,0.0,0.0
10148837044,108.7,71,138,110,102.7,114.7,12.0,0.0,0.0,0.0
10148838340,108.8,92,127,109,110.9,106.6,-4.3,0.0,0.0,0.0
9029984836,110.9,82,142,111,105.5,116.0,10.5,0.0,0.0,0.0
9029985128,138.7,94,169,138,144.0,128.1,-15.8,37.3,26.6,0.0
9029985386,123.2,91,162,122,125.5,120.8,-4.7,3.6,0.5,0.0
8997486996,105.7,81,138,104,104.8,106.6,1.8,0.0,0.0,0.0
8997488497,113.9,85,143,115,110.4,117.4,6.9,0.0,0.0,0.0
8997485334,104.1,75,136,103,94.5,113.9,19.4,0.0,0.0,0.0
8715971971,119.6,88,147,121,113.9,124.9,11.0,0.0,0.0,0.0
8705546791,128.2,82,154,128,127.3,129.1,1.8,1.7,0.0,0.0
8698664198,123.7,87,162,125,119.7,128.0,8.2,0.2,0.2,0.0
8698664670,143.3,100,168,148,139.3,150.0,10.7,45.7,14.3,0.0
8698664942,107.7,61,144,110,100.7,114.2,13.5,0.0,0.0,0.0
5966844255,153.2,102,166,157,148.0,158.3,10.4,79.4,3.9,0.0
5961274024,104.0,75,127,105,104.1,104.0,-0.1,0.0,0.0,0.0
5956020122,100.6,70,124,106,97.1,104.2,7.1,0.0,0.0,0.0
5945220320,117.8,73,152,122,125.9,109.8,-16.1,0.9,0.0,0.0
5944638653,134.0,110,151,135,134.2,133.7,-0.5,1.6,0.0,0.0
5943622283,112.6,76,133,114,111.3,114.0,2.8,0.0,0.0,0.0
5939188009,108.4,83,131,111,101.9,114.9,13.0,0.0,0.0,0.0
5934399422,110.4,92,138,110,112.1,108.7,-3.4,0.0,0.0,0.0
4567064531,164.8,109,169,167,161.3,167.3,6.0,97.7,93.4,0.0
4555939665,153.9,147,169,153,152.0,155.8,3.8,80.7,9.8,0.0
4545837883,158.1,148,169,156,161.6,154.7,-7.0,92.2,38.6,0.0
4535126558,157.9,146,169,158,158.4,157.4,-1.0,92.4,25.9,0.0
4531521346,161.5,150,171,163,161.1,161.9,0.8,98.7,60.3,3.1
4526541903,159.5,142,172,159,158.7,160.2,1.6,92.4,44.0,1.2
4521545281,187.0,187,189,187,187.0,187.0,0.0,100.0,100.0,100.0
4512819791,160.2,147,166,160,159.3,161.1,1.8,99.5,43.5,0.0
4509276462,160.7,152,168,161,161.5,160.0,-1.5,100.0,52.4,0.0
4500647476,140.9,99,168,159,119.5,160.0,40.5,68.7,28.8,0.0
4497908292,147.8,135,173,151,157.6,136.5,-21.1,51.8,15.7,6.0
4488221102,159.4,150,168,158,158.3,160.5,2.1,98.6,32.9,0.0
4484188570,161.9,125,174,166,151.7,172.1,20.4,88.8,61.1,44.7
4480012498,159.9,150,181,160,156.2,163.1,6.9,97.1,49.7,2.9
4472443960,162.1,146,172,163,158.5,165.5,7.0,94.9,70.1,5.9
4468787027,156.2,128,169,157,155.4,157.0,1.7,91.1,11.4,0.0
4459523358,159.5,150,166,160,161.5,157.5,-4.0,99.1,49.2,0.0
4455945276,161.4,133,174,162,157.8,165.7,7.9,98.5,53.1,8.6
4452126001,155.7,149,167,156,150.2,161.1,10.9,55.3,31.8,0.0
4442922222,162.4,133,172,164,159.9,165.0,5.1,94.4,77.8,3.0
4439123748,162.6,143,170,163,164.0,161.1,-2.9,97.9,59.5,0.0
4429753008,170.6,151,181,171,170.8,170.4,-0.4,100.0,98.3,51.4
4426215592,158.0,125,174,168,148.9,167.1,18.2,77.4,76.9,4.5
4417971421,158.3,139,171,149,148.5,167.9,19.4,49.9,49.9,0.5
3dfccef1-d79e-4f76-976d-3917756f9146,151,,168,,,,,17.6,1.3,0.3
567b6929-afca-4187-b199-88bb3abf06c9,107,,133,,,,,0.0,0.0,0.0
da7e2518-cb19-4390-97d2-dd5f70b4e780,110,,126,,,,,0.0,0.0,0.0
791bb17a-63e9-4e8a-992a-91fbaf6490ca,126,,144,,,,,0.0,0.0,0.0
762c59e0-9e82-4d22-9c57-fee4bd675464,105,,136,,,,,0.0,0.0,0.0
559d9e14-2370-4275-9640-8e7dc50f7c55,106,,139,,,,,0.0,0.0,0.0
c32ea4ab-86e0-4848-b632-0c79e4cd9e43,98,,111,,,,,0.0,0.0,0.0
65a13f95-ff88-43a6-a488-450e6d46002a,102,,128,,,,,0.0,0.0,0.0
33609dd1-a077-4506-abc5-3053acde11ca,105,,133,,,,,0.0,0.0,0.0
19c16d61-db84-4260-863b-ac83cec82f7d,110,,149,,,,,0.0,0.0,0.0
b90413a6-db71-44e7-9e5c-c66e3eae29ae,109,,133,,,,,0.0,0.0,0.0
410b252a-a1e5-4e01-ae50-c97d871868ec,120,,158,,,,,0.2,0.0,0.0
5c921a0e-dc69-47f2-935b-584848c8b2f0,153,,170,,,,,27.6,11.1,3.0
5e9be409-0177-4935-aa17-7ef86fb5b94f,107,,132,,,,,0.0,0.0,0.0
