start_date_local_formatted,name,sport_type,distance (miles),moving_time (minutes),pace (min_per_mile),pace_formatted,elevation_gain (feet),average_heartrate,max_heartrate,hr_ratio (0-1),hr_zone (1-5),trimp (score),id
"Oct 21, 2025 12:15 PM",Lunch Weight Training - Pull,WeightTraining,0.0,66.23333333333333,,,0.0,109.9,141.0,0.4004542013626041,1,57.21980357665818,16213493132
"Oct 20, 2025 06:26 PM",Evening Run,Run,1.0046947699000002,10.55,10.500701622095702,10:30 /mi,9.186352,144.2,156.0,0.6601059803179409,2,24.73389231332818,16205502682
"Oct 19, 2025 04:30 PM",Afternoon Weight Training - Legs,WeightTraining,0.0,47.28333333333333,,,0.0,123.6,157.0,0.5041635124905375,1,62.75869803984589,16195648238
"Oct 18, 2025 11:58 AM",Lunch Run,Run,1.0130832784000001,10.35,10.216336821140843,10:13 /mi,9.84252,141.6,154.0,0.6404239212717638,2,22.668482047618838,16182361571
"Oct 17, 2025 12:37 PM",Lunch Weight Training - Pull,WeightTraining,0.0,40.833333333333336,,,0.0,110.6,134.0,0.40575321725965174,1,36.108733995277234,16172089358
"Oct 16, 2025 02:56 PM",Afternoon Weight Training - Push,WeightTraining,0.0,53.03333333333333,,,0.0,116.6,147.0,0.45117335352006055,1,56.89854945796359,16163438309
"Oct 14, 2025 04:35 PM",Afternoon Weight Training - Legs,WeightTraining,0.0,41.65,,,0.0,118.3,159.0,0.4640423921271764,1,47.109910500458334,16142666204
"Oct 13, 2025 04:57 PM",Afternoon Weight Training - Pull,WeightTraining,0.0,55.65,,,0.0,103.0,137.0,0.348221044663134,1,37.81661923997694,16131639139
"Oct 12, 2025 05:09 PM",Afternoon Weight Training - Push,WeightTraining,0.0,55.5,,,0.0,112.0,141.0,0.41635124905374715,1,51.39553971071723,16122028435
"Oct 11, 2025 01:52 PM",Afternoon Weight Training - Legs,WeightTraining,0.0,42.0,,,0.0,114.5,150.0,0.4352763058289175,1,42.16649134859176,16109296244
"Oct 10, 2025 05:22 PM",Afternoon Run,Run,1.0094793266,10.416666666666666,10.31885090876577,10:19 /mi,0.0,137.6,151.0,0.6101438304314912,2,20.508156394719435,16099472755
"Oct 10, 2025 12:45 PM",Lunch Weight Training - Push,WeightTraining,0.0,41.63333333333333,,,0.0,104.5,147.0,0.3595760787282362,1,29.858145961266004,16099472779
"Oct 09, 2025 03:30 PM",Afternoon Weight Training - Pull (light),WeightTraining,0.0,25.016666666666666,,,0.0,110.7,135.0,0.40651021953065863,1,22.19563573185043,16089160698
"Oct 08, 2025 03:00 PM",Afternoon Weight Training - Legs,WeightTraining,0.0,30.133333333333333,,,0.0,101.8,140.0,0.33913701741105223,1,19.59793062003331,16078458933
"Oct 06, 2025 11:44 AM",Lunch Weight Training - Push,WeightTraining,0.0,47.6,,,0.0,105.8,132.0,0.36941710825132473,1,35.74050753588748,16053441643
"Oct 04, 2025 12:45 PM",Lunch Weight Training - Pull,WeightTraining,0.0,52.21666666666667,,,0.0,117.7,144.0,0.45950037850113556,1,57.975873043277545,16033221855
"Oct 03, 2025 04:27 PM",Afternoon Run,Run,1.0430333606,10.916666666666666,10.466267982442005,10:28 /mi,16.4042,141.4,158.0,0.6389099167297503,2,23.783829181834967,16023595887
"Oct 02, 2025 02:38 PM",Afternoon Weight Training - Legs,WeightTraining,0.0,26.916666666666668,,,0.0,112.5,142.0,0.42013626040878127,1,25.336121446058087,16013085317
"Oct 01, 2025 04:57 PM",Afternoon Weight Training,WeightTraining,0.0,40.85,,,0.0,109.8,139.0,0.3996971990915973,1,35.17295356907463,16101187943
"Sep 29, 2025 11:59 AM",Lunch Weight Training - Pull,WeightTraining,0.0,75.78333333333333,,,0.0,108.1,141.0,0.38682816048448143,1,61.60935620276925,15977959354
"Sep 27, 2025 04:21 PM",Afternoon Weight Training - Legs,WeightTraining,0.0,37.266666666666666,,,0.0,116.2,143.0,0.4481453444360333,1,39.48420283678261,15957546185
"Sep 27, 2025 01:12 PM",Afternoon Run,Run,3.1238805654,33.4,10.691830017426824,10:42 /mi,84.645672,147.6,159.0,0.6858440575321726,2,85.47906498334196,15956461721
"Sep 26, 2025 12:20 PM",Lunch Weight Training - Push,WeightTraining,0.0,60.06666666666667,,,0.0,108.6,141.0,0.3906131718395155,1,49.66968600105957,15944606126
"Sep 24, 2025 02:33 PM",Afternoon Weight Training - Pull,WeightTraining,0.0,52.9,,,0.0,106.4,142.0,0.3739591218773657,1,40.56055592936928,15924923649
"Sep 23, 2025 02:39 PM",Afternoon Weight Training - Legs,WeightTraining,0.0,39.21666666666667,,,0.0,115.5,140.0,0.44284632853898565,1,40.64331297531963,15913553546
"Sep 22, 2025 12:19 PM",Lunch Weight Training - Push,WeightTraining,0.0,54.55,,,0.0,103.9,128.0,0.3550340651021954,1,38.29202236694357,15900574669
"Sep 22, 2025 10:30 AM",Morning Run,Run,1.1370467929,11.683333333333334,10.275156138064801,10:17 /mi,9.186352,134.4,150.0,0.5859197577592733,1,21.084893343466614,15898968088
"Sep 20, 2025 11:23 AM",Lunch Walk,Walk,1.1860108277,21.25,17.917205731763488,17:55 /mi,43.963256,108.7,118.0,0.3913701741105224,1,17.631484565604495,15887853289
"Sep 20, 2025 10:50 AM",Morning Run,Run,1.1929080458,11.616666666666667,9.738107398610243,9:44 /mi,20.997376000000003,151.5,161.0,0.7153671461014384,3,32.81830345867299,15887853282
"Sep 19, 2025 11:26 AM",Lunch Weight Training - Pull,WeightTraining,0.0,44.25,,,0.0,113.2,146.0,0.42543527630582895,1,42.60828199179441,15866594485
"Sep 19, 2025 07:52 AM",Morning Run,Run,1.4344349535,14.65,10.21308074252807,10:13 /mi,19.028872,143.3,157.0,0.6532929598788797,2,33.54987726003012,15864236654
"Sep 18, 2025 02:53 PM",Afternoon Weight Training - Push,WeightTraining,0.0,45.38333333333333,,,0.0,107.4,136.0,0.3815291445874338,1,36.021387223936884,15858485342
"Sep 17, 2025 02:34 PM",Afternoon Weight Training - Legs,WeightTraining,0.0,31.033333333333335,,,0.0,117.6,152.0,0.4587433762301287,1,34.34941058843955,15846253805
"Sep 15, 2025 05:26 PM",Afternoon Weight Training - Pull,WeightTraining,0.0,40.2,,,0.0,102.3,129.0,0.3429220287660863,1,26.629646142664146,15824210476
"Sep 11, 2025 05:02 PM",Afternoon Weight Training -  Push,WeightTraining,0.0,52.36666666666667,,,0.0,116.3,147.0,0.4489023467070401,1,55.65727832864772,15780034841
"Sep 11, 2025 03:58 PM",Afternoon Yoga,Yoga,0.0,52.43333333333333,,,0.0,113.6,143.0,0.4284632853898561,1,51.14382711112399,15780034498
"Sep 10, 2025 11:46 AM",Lunch Weight Training,WeightTraining,0.0,41.46666666666667,,,0.0,119.0,150.0,0.4693414080242241,1,47.92324020851015,16101188217
"Sep 09, 2025 04:04 PM",Afternoon Weight Training - Push,WeightTraining,0.0,52.983333333333334,,,0.0,115.2,140.0,0.4405753217259652,1,54.39151457464352,15757320473
"Sep 08, 2025 03:22 PM",Afternoon Weight Training - Pull,WeightTraining,0.0,59.266666666666666,,,0.0,108.2,138.0,0.3875851627554883,1,48.346356748166784,15744324113
"Sep 04, 2025 02:45 PM",Afternoon Weight Training - Push,WeightTraining,0.0,57.166666666666664,,,0.0,122.6,157.0,0.4965934897804693,1,73.65904623596063,15698528309
"Sep 03, 2025 12:15 PM",Lunch Weight Training - Legs,WeightTraining,0.0,45.0,,,0.0,121.9,154.0,0.49129447388342173,1,56.78296062973159,15685172158
"Sep 02, 2025 12:10 PM",Lunch Weight Training,WeightTraining,0.0,44.71666666666667,,,0.0,114.0,144.0,0.43149129447388346,1,44.18130032081664,16101188317
"Aug 31, 2025 04:23 PM",Afternoon Weight Training - Push,WeightTraining,0.0,29.166666666666668,,,0.0,111.6,135.0,0.41332323996971987,1,26.657800158467566,15653479886
"Aug 28, 2025 03:24 PM",Afternoon Weight Training - Legs,WeightTraining,0.0,47.45,,,0.0,114.2,146.0,0.43300529901589707,1,47.18336462222255,15626872723
"Aug 27, 2025 03:53 PM",Afternoon Weight Training - Pull,WeightTraining,0.0,60.233333333333334,,,0.0,121.6,153.0,0.4890234670704012,1,75.32455407349005,15609324378
"Aug 26, 2025 01:46 PM",Afternoon Weight Training - Push,WeightTraining,0.0,47.233333333333334,,,0.0,102.0,133.0,0.34065102195306585,1,30.946289295483247,15596091333
"Aug 25, 2025 03:21 PM",Afternoon Weight Training - Legs,WeightTraining,0.0,46.85,,,0.0,110.6,140.0,0.40575321725965174,1,41.42924541254053,15584962145
"Aug 22, 2025 02:49 PM",Afternoon Weight Training - Push,WeightTraining,0.0,40.6,,,0.0,108.9,135.0,0.392884178652536,1,33.91526704321932,15550283416
"Aug 21, 2025 03:26 PM",Afternoon Weight Training - Pull,WeightTraining,0.0,47.2,,,0.0,114.8,140.0,0.4375473126419379,1,47.842496709010206,15539819844
"Aug 19, 2025 05:49 PM",Afternoon Weight Training,WeightTraining,0.0,39.36666666666667,,,0.0,111.5,142.0,0.4125662376987131,1,35.862353672339054,15518142180
"Aug 18, 2025 12:27 PM",Lunch Weight Training,WeightTraining,0.0,57.65,,,0.0,107.4,137.0,0.3815291445874338,1,45.75761234212181,16101188098
"Aug 17, 2025 07:05 PM",Evening Run,Run,1.0096036008,10.333333333333334,10.235040094097625,10:14 /mi,7.217848000000001,141.2,155.0,0.6373959121877365,2,22.394396625874233,15495294039
"Aug 16, 2025 12:14 PM",Lunch Weight Training,WeightTraining,0.0,32.21666666666667,,,0.0,100.2,136.0,0.32702498107494327,1,19.74012101380704,15480811114
"Aug 15, 2025 01:47 PM",Afternoon Weight Training,WeightTraining,0.0,61.8,,,0.0,105.4,131.0,0.36638909916729756,1,45.75545579947954,15470531129
"Aug 14, 2025 01:43 PM",Afternoon Weight Training,WeightTraining,0.0,50.05,,,0.0,107.5,136.0,0.3822861468584406,1,39.862101382824704,15459356527
"Aug 13, 2025 09:57 AM",Morning Weight Training,WeightTraining,0.0,39.28333333333333,,,0.0,109.5,148.0,0.39742619227857684,1,33.48550263358558,15451638212
"Aug 11, 2025 03:02 PM",Afternoon Weight Training,WeightTraining,0.0,50.06666666666667,,,0.0,106.7,137.0,0.37623012869038613,1,38.79002086397879,15451638234
"Aug 07, 2025 12:33 PM",Lunch Weight Training - Push,WeightTraining,0.0,42.93333333333333,,,0.0,100.2,140.0,0.32702498107494327,1,26.30654512755661,15379021540
"Aug 05, 2025 06:51 PM",Penn Tennis Clinic,Tennis,0.0,70.3,,,0.0,121.5,151.0,0.4882664647993944,1,87.64980823407568,15366291609
"Aug 05, 2025 12:28 PM",Lunch Weight Training - Legs,WeightTraining,0.0,51.86666666666667,,,0.0,107.9,152.0,0.3853141559424679,1,41.87894583133258,15355195063
"Aug 04, 2025 11:21 AM",Lunch Weight Training - Pull,WeightTraining,0.0,64.48333333333333,,,0.0,99.0,132.0,0.31794095382286147,1,37.74918290550122,15366290654
"Aug 02, 2025 01:59 PM",Afternoon Tennis,Tennis,0.0,68.73333333333333,,,0.0,142.2,159.0,0.6449659348978046,2,152.93471029596768,15324623799
"Aug 01, 2025 11:57 AM",Lunch Weight Training,WeightTraining,0.0,65.88333333333334,,,0.0,99.9,132.0,0.3247539742619228,1,39.91394438057325,15310427923
"Jul 31, 2025 04:01 PM",Afternoon Weight Training,WeightTraining,0.0,45.733333333333334,,,0.0,96.7,128.0,0.30052990158970483,1,24.47462371014994,15324623938
"Jul 29, 2025 05:43 PM",Afternoon Workout,Workout,0.2983202171,11.816666666666666,39.61068003214009,39:37 /mi,14.435696000000002,124.0,137.0,0.5071915215745647,1,15.870342145931632,15280087765
"Jul 29, 2025 03:31 PM",Afternoon Weight Training - Pull,WeightTraining,0.0,50.96666666666667,,,0.0,99.7,129.0,0.3232399697199092,1,30.64385873702779,15279240652
"Jul 28, 2025 09:38 PM",Night Walk,Walk,1.2208697408,25.116666666666667,20.57276532237457,20:34 /mi,45.93176,120.8,129.0,0.4829674489023467,1,30.661969774368966,15296089641
"Jul 28, 2025 03:13 PM",Afternoon Weight Training,WeightTraining,0.0,69.63333333333334,,,0.0,107.7,135.0,0.38380015140045426,1,55.84088848836608,15296089725
"Jul 28, 2025 12:12 PM",Lunch Run,Run,1.0030170682000001,10.483333333333333,10.451799541304487,10:27 /mi,7.874015999999999,141.7,160.0,0.6411809235427706,2,23.021083220453722,15265031747
"Jul 27, 2025 12:39 PM",Lunch Weight Training - Legs,WeightTraining,0.0,49.38333333333333,,,0.0,121.3,158.0,0.4867524602573808,1,61.201893510941886,15256009378
"Jul 26, 2025 12:36 PM",Lunch Tennis,Tennis,0.0,82.86666666666666,,,0.0,129.9,158.0,0.5518546555639667,1,131.93683120643212,15296091221
"Jul 24, 2025 12:14 PM",Lunch Weight Training - Pull,WeightTraining,0.0,58.483333333333334,,,0.0,113.2,143.0,0.42543527630582895,1,56.31354482455991,15223153648
"Jul 23, 2025 05:53 PM",Afternoon Weight Training - Push,WeightTraining,0.0,40.666666666666664,,,0.0,115.8,147.0,0.44511733535200604,1,42.547312128975946,15214984682
"Jul 22, 2025 04:55 PM",Afternoon Weight Training - Legs,WeightTraining,0.0,50.68333333333333,,,0.0,111.5,140.0,0.4125662376987131,1,46.17164162471764,15203103360
"Jul 19, 2025 04:36 PM",Afternoon Weight Training - Pull,WeightTraining,0.0,54.68333333333333,,,0.0,108.8,143.0,0.39212717638152916,1,45.5255673140062,15169916708
"Jul 18, 2025 12:25 PM",Lunch Weight Training - Push,WeightTraining,0.0,54.333333333333336,,,0.0,111.0,143.0,0.408781226343679,1,48.68751840989353,15157059025
"Jul 13, 2025 01:33 PM",Afternoon Walk,Walk,2.0023680475,34.016666666666666,16.98821887871074,16:59 /mi,108.923888,93.5,103.0,0.2763058289174868,1,15.976371367330401,15139329998
"Jul 11, 2025 12:56 PM",Lunch Walk,Walk,2.8043715972,62.483333333333334,22.28068969023908,22:17 /mi,137.13911199999998,96.8,110.0,0.30128690386071155,1,33.57153081671518,15079046791
"Jul 08, 2025 03:22 PM",Afternoon Walk,Walk,1.1801078032,23.683333333333334,20.068788011665724,20:04 /mi,163.385832,99.3,130.0,0.3202119606358819,1,14.024508480203576,15046191993
"Jul 06, 2025 11:30 AM",Lunch Walk,Walk,0.8432625841,11.483333333333333,13.617743215287208,13:37 /mi,36.08924,93.8,110.0,0.2785768357305072,1,5.461387438221026,15046192178
"Jun 30, 2025 04:45 PM",Afternoon Weight Training - Pull,WeightTraining,0.0,54.43333333333333,,,0.0,102.9,134.0,0.34746404239212725,1,36.85582127116066,14966746630
"Jun 25, 2025 07:00 PM",Tex Mex 5k,Run,3.1165483876000004,29.366666666666667,9.422817493708617,9:25 /mi,154.19948,150.8,172.0,0.7100681302043907,3,81.51578632672498,14916856573
"Jun 24, 2025 06:08 PM",Evening Weight Training - Push,WeightTraining,0.0,31.466666666666665,,,0.0,96.0,122.0,0.2952308856926571,1,16.375306839152536,14905874289
"Jun 15, 2025 10:49 AM",Morning Weight Training - Pull,WeightTraining,0.0,69.26666666666667,,,0.0,102.2,138.0,0.3421650264950795,1,45.716464940581616,14809129539
"Jun 13, 2025 03:52 PM",Afternoon Weight Training,WeightTraining,0.0,52.78333333333333,,,0.0,108.6,139.0,0.3906131718395155,1,43.647029846103116,14790202123
"Jun 09, 2025 05:20 PM",Afternoon Weight Training - Legs,WeightTraining,0.0,58.85,,,0.0,105.9,137.0,0.3701741105223316,1,44.342532182206504,14749197078
"Jun 07, 2025 10:57 AM",Morning Weight Training - Pull,WeightTraining,0.0,35.516666666666666,,,0.0,114.0,137.0,0.43149129447388346,1,35.09144650900494,14725151254
"Jun 05, 2025 07:18 AM",Morning Weight Training - Push,WeightTraining,0.0,44.85,,,0.0,118.4,153.0,0.46479939439818324,1,50.886061712874366,14703683085
"Jun 01, 2025 04:30 PM",Afternoon Ride,Ride,1.9590584888000002,15.7,8.014053735382276,8:01 /mi,75.45932,118.3,136.0,0.4640423921271764,1,17.758117523582136,14666926063
"Jun 01, 2025 01:29 PM",Afternoon Weight Training - Legs,WeightTraining,0.0,44.016666666666666,,,0.0,119.9,146.0,0.47615442846328543,1,52.288256508046814,14665797131
"May 29, 2025 07:26 PM",Evening Walk,Walk,2.223886809,44.6,20.054977537303248,20:03 /mi,120.734912,91.2,103.0,0.2588947766843301,1,18.98175515450579,14636623921
"May 29, 2025 11:01 AM",Lunch Weight Training - Push,WeightTraining,0.0,66.06666666666666,,,0.0,107.4,143.0,0.3815291445874338,1,52.43803854413728,14632723073
"May 27, 2025 02:20 PM",Afternoon Weight Training - Pull,WeightTraining,0.0,42.583333333333336,,,0.0,106.4,131.0,0.3739591218773657,1,32.65035299292329,14613652192
"May 25, 2025 03:21 PM",Afternoon Walk,Walk,1.4735813265,30.716666666666665,20.84490765068518,20:51 /mi,59.05512,104.9,111.0,0.3626040878122635,1,22.34408285825204,14595784670
"May 25, 2025 01:42 PM",New Trail Extension got some views!!,Run,6.025248175700001,60.733333333333334,10.079806102970599,10:05 /mi,345.144368,147.8,165.0,0.6873580620741864,2,156.22858909251332,14593947424
"May 24, 2025 02:02 PM",Afternoon Weight Training - Legs,WeightTraining,0.0,44.6,,,0.0,117.3,141.0,0.4564723694171082,1,48.90764386447886,14583192995
"May 23, 2025 12:11 PM",Lunch Weight Training - Push,WeightTraining,0.0,56.1,,,0.0,110.1,135.0,0.4019682059046177,1,48.790346935086255,14571970763
"May 22, 2025 06:45 PM",Evening Tennis,Tennis,0.0,76.3,,,0.0,109.6,154.0,0.3981831945495836,1,65.2575390184396,14565657486
"May 21, 2025 11:13 AM",Lunch Weight Training - Pull,WeightTraining,0.0,56.78333333333333,,,0.0,122.4,156.0,0.4950794852384558,1,72.73033163974668,14556075319
"May 19, 2025 05:20 PM",Afternoon Tennis,Tennis,0.0,77.5,,,0.0,139.8,161.0,0.6267978803936413,2,161.83846636587458,14533832858
"May 17, 2025 02:30 PM",Afternoon Tennis,Tennis,0.0,112.0,,,0.0,138.2,167.0,0.6146858440575321,2,224.09088978469129,14512241186
"May 15, 2025 06:33 PM",Penn Tennis Clinic,Tennis,0.0,86.2,,,0.0,129.5,162.0,0.5488266464799395,1,135.6997452102798,14493786842
"May 15, 2025 01:24 PM",Afternoon Weight Training - Push,WeightTraining,0.0,51.06666666666667,,,0.0,115.3,140.0,0.441332323996972,1,52.590364183828314,14491239358
"May 13, 2025 07:45 PM",Evening Walk,Walk,1.0366953764,22.383333333333333,21.591041923097105,21:35 /mi,57.74278400000001,96.0,104.0,0.2952308856926571,1,11.648324727214968,14473335467
"May 13, 2025 01:18 PM",Afternoon Weight Training - Legs,WeightTraining,0.0,39.483333333333334,,,0.0,114.6,147.0,0.4360333080999243,1,39.76654375709091,14469586929
"May 09, 2025 01:47 PM",Afternoon Weight Training - Pull,WeightTraining,0.0,58.56666666666667,,,0.0,106.9,138.0,0.37774413323239975,1,45.690766592573006,14428485789
"May 05, 2025 11:22 AM",Lunch Weight Training - Push,WeightTraining,0.0,57.233333333333334,,,0.0,108.2,132.0,0.3875851627554883,1,46.68767971687422,14386233325
"May 04, 2025 07:53 AM",Broad Street Run,Run,10.0743501601,104.16666666666667,10.339790161277529,10:20 /mi,167.32283999999999,148.3,168.0,0.6911430734292204,2,271.3958503703213,14378435507
"May 03, 2025 12:23 PM",Tennis Clinic at Penn,Tennis,0.0,97.98333333333333,,,0.0,133.9,163.0,0.5821347464042392,1,174.41591695595926,14367675664
"May 02, 2025 10:34 AM",Morning Weight Training - Pull,WeightTraining,0.0,76.45,,,0.0,121.8,146.0,0.49053747161241484,1,96.1794069416504,14355665942
"May 01, 2025 02:32 PM",Afternoon Tennis,Tennis,0.0,28.166666666666668,,,0.0,134.1,152.0,0.5836487509462528,1,50.415008404566834,14347628933
"Apr 29, 2025 10:29 AM",Morning Weight Training - Push,WeightTraining,0.0,55.96666666666667,,,0.0,112.2,142.0,0.4178652535957608,1,52.16758390881053,14323105569
"Apr 28, 2025 04:46 PM",Afternoon Run,Run,3.2669823067,34.46666666666667,10.550001019589748,10:33 /mi,78.083992,143.9,166.0,0.6578349735049206,2,80.17683584407685,14315900431
"Apr 25, 2025 09:37 AM",Morning Weight Training - Legs,WeightTraining,0.0,36.083333333333336,,,0.0,102.6,128.0,0.3451930355791067,1,24.16608518320539,14282207832
"Apr 24, 2025 05:05 PM",Afternoon Tennis,Tennis,0.0,60.85,,,0.0,143.4,161.0,0.6540499621498865,2,139.71661757405178,14276670215
"Apr 24, 2025 04:39 PM",Afternoon Walk,Walk,1.3457031747,23.216666666666665,17.252442517156428,17:15 /mi,49.2126,109.5,117.0,0.39742619227857684,1,19.790116745262928,14276670247
"Apr 24, 2025 02:13 PM",Afternoon Weight Training - Pull,WeightTraining,0.0,51.11666666666667,,,0.0,114.9,140.0,0.4383043149129448,1,51.97761055315537,14275507057
"Apr 23, 2025 05:12 PM",Car Towed + Uber Expensive = Run,Run,2.9166533368999996,30.7,10.525762390613712,10:32 /mi,63.648295999999995,145.0,157.0,0.6661619984859954,2,73.48426448331709,14266884140
"Apr 23, 2025 03:52 PM",Afternoon Weight Training - Push,WeightTraining,0.0,45.766666666666666,,,0.0,103.2,133.0,0.34973504920514764,1,31.326610282869844,14266456727
"Apr 21, 2025 12:05 PM",Lunch Weight Training - Legs,WeightTraining,0.0,31.033333333333335,,,0.0,117.2,147.0,0.4557153671461015,1,33.924875685491344,14244241424
"Apr 20, 2025 12:06 PM",Lunch Pickleball,Pickleball,0.0,47.083333333333336,,,0.0,125.7,151.0,0.5200605601816806,1,66.4616669494137,14234954011
"Apr 19, 2025 09:37 AM",Morning Weight Training - Pull,WeightTraining,0.0,60.55,,,0.0,121.8,159.0,0.49053747161241484,1,76.17610320885456,14223690099
"Apr 18, 2025 07:34 PM",Evening Tennis,Tennis,0.0,36.3,,,0.0,149.0,169.0,0.696442089326268,2,96.27569689845114,14217839996
"Apr 17, 2025 03:49 PM",Afternoon Weight Training - Push,WeightTraining,0.0,56.016666666666666,,,0.0,112.9,153.0,0.42316426949280855,1,53.417041889583054,14207115812
"Apr 16, 2025 04:23 PM",Afternoon Weight Training - Legs,WeightTraining,0.0,45.766666666666666,,,0.0,115.7,152.0,0.44436033308099926,1,47.732302928266186,14197930547
"Apr 14, 2025 03:16 PM",Afternoon Weight Training - Pull,WeightTraining,0.0,71.4,,,0.0,119.9,155.0,0.47615442846328543,1,84.81745205621831,14178358884
"Apr 14, 2025 12:11 PM",Lunch Run,Run,5.0039628001,51.266666666666666,10.245213386806581,10:15 /mi,111.54856,144.2,159.0,0.6601059803179409,2,120.19186849257105,14176340568
"Apr 13, 2025 12:26 PM",Lunch Weight Training - Push,WeightTraining,0.0,85.98333333333333,,,0.0,116.1,152.0,0.4473883421650265,1,90.81375935404276,14171061768
"Apr 11, 2025 11:48 AM",Lunch Weight Training - Legs,WeightTraining,0.0,47.0,,,0.0,110.6,145.0,0.40575321725965174,1,41.56188974150277,14147444176
"Apr 10, 2025 12:57 PM",Lunch Weight Training - Pull,WeightTraining,0.0,55.46666666666667,,,0.0,116.3,145.0,0.4489023467070401,1,58.95207583632707,14139100693
"Apr 09, 2025 12:16 PM",Lunch Run - Treadmill,Run,2.275460602,24.15,10.613235833999292,10:37 /mi,0.0,129.0,140.0,0.5450416351249054,1,37.48239016291429,14128445670
"Apr 08, 2025 12:18 PM",Lunch Weight Training - Push,WeightTraining,0.0,63.05,,,0.0,115.4,148.0,0.44208932626797887,1,65.13722817630922,14118720885
"Apr 07, 2025 11:31 AM",Lunch Weight Training  - Legs,WeightTraining,0.0,55.65,,,0.0,110.4,142.0,0.40423921271763824,1,48.88511241703606,14107952807
"Apr 06, 2025 11:56 AM",Lunch Weight Training - Pull,WeightTraining,0.0,78.06666666666666,,,0.0,116.9,152.0,0.45344436033308105,1,84.54581932430244,14100157192
"Apr 04, 2025 10:10 AM",Morning Weight Training - Push,WeightTraining,0.0,63.25,,,0.0,108.1,136.0,0.38682816048448143,1,51.42016863635569,14078606439
"Apr 03, 2025 05:47 PM",Afternoon Tennis,Tennis,0.0,32.016666666666666,,,0.0,137.6,161.0,0.6101438304314912,2,63.03386949480966,14072859761
"Apr 03, 2025 04:32 PM",Afternoon Weight Training,WeightTraining,0.0,36.86666666666667,,,0.0,122.7,151.0,0.4973504920514762,1,47.644178908443706,14072332711
"Apr 02, 2025 04:44 PM",Afternoon Weight Training,WeightTraining,0.0,55.45,,,0.0,110.3,136.0,0.40348221044663135,1,48.547595997522826,14072332730
"Mar 29, 2025 11:49 AM",Lunch Weight Training - Push,WeightTraining,0.0,60.3,,,0.0,112.9,141.0,0.42316426949280855,1,57.501594036450896,14022158700
"Mar 29, 2025 10:13 AM",Morning Tennis,Tennis,0.0,35.516666666666666,,,0.0,138.6,159.0,0.6177138531415594,2,71.82859949123213,14020985898
"Mar 28, 2025 11:37 AM",Lunch Weight Training - Legs,WeightTraining,0.0,42.03333333333333,,,0.0,109.3,133.0,0.3959121877365632,1,35.589530741023516,14012268955
"Mar 27, 2025 03:05 PM",Afternoon Weight Training - Pull,WeightTraining,0.0,56.31666666666667,,,0.0,121.3,149.0,0.4867524602573808,1,69.79453195189762,14021026359
"Mar 26, 2025 05:31 PM",Afternoon Weight Training - Push,WeightTraining,0.0,57.916666666666664,,,0.0,105.9,138.0,0.3701741105223316,1,43.6392804681868,13997125177
"Mar 25, 2025 05:23 PM",Afternoon Run,Run,4.2169964286,41.55,9.852984393869685,9:51 /mi,210.629928,149.7,162.0,0.7017411052233156,3,112.1738280591225,13987110287
"Mar 24, 2025 11:06 AM",Lunch Weight Training - Legs,WeightTraining,0.0,43.21666666666667,,,0.0,107.8,152.0,0.384557153671461,1,34.77549949820915,14021026744
"Mar 20, 2025 04:17 PM",Afternoon Weight Training - Pull,WeightTraining,0.0,42.85,,,0.0,120.5,150.0,0.48069644208932627,1,51.838001926963265,13959681716
"Mar 19, 2025 05:46 PM",Afternoon Tennis,Tennis,0.0,41.0,,,0.0,130.0,153.0,0.5526116578349736,1,65.46310355144978,13931306670
"Mar 18, 2025 04:13 PM",Afternoon Weight Training - Push,WeightTraining,0.0,51.46666666666667,,,0.0,112.3,140.0,0.4186222558667676,1,48.129860128250634,13921053043
"Mar 17, 2025 12:02 PM",Lunch Weight Training - Legs,WeightTraining,0.0,42.95,,,0.0,103.3,144.0,0.3504920514761544,1,29.505129713684823,13921053025
"Mar 16, 2025 12:27 PM",Lunch Weight Training - Pull,WeightTraining,0.0,68.93333333333334,,,0.0,121.5,149.0,0.4882664647993944,1,85.94585273971954,13901297966
"Mar 15, 2025 10:11 AM",Morning Weight Training - Push,WeightTraining,0.0,60.31666666666667,,,0.0,111.6,134.0,0.41332323996971987,1,55.128330727710924,13890103887
"Mar 14, 2025 12:16 PM",Lunch Weight Training - Push,WeightTraining,0.0,72.91666666666667,,,0.0,103.7,145.0,0.3535200605601817,1,50.81851242379981,13881957918
"Mar 13, 2025 03:39 PM",Afternoon Run,Run,4.019711136100001,42.88333333333333,10.668262440106467,10:40 /mi,123.359584,137.7,145.0,0.6109008327024981,2,84.65568054562375,13874096786
"Mar 12, 2025 07:19 PM",Evening Walk,Walk,0.7521695955000001,9.4,12.497181561495328,12:30 /mi,0.0,107.2,118.0,0.3800151400454202,1,7.409734237888028,13867594963
"Mar 12, 2025 03:03 PM",Afternoon Weight Training - Legs,WeightTraining,0.0,65.18333333333334,,,0.0,115.7,155.0,0.44436033308099926,1,67.98289757918756,13865146077
"Mar 11, 2025 06:36 PM",Evening Walk,Walk,1.4771231411999999,30.05,20.343598419010405,20:21 /mi,13.779528,97.7,113.0,0.30809992429977295,1,16.727990539159727,14021027594
"Mar 11, 2025 03:38 PM",Afternoon Weight Training - Pull,WeightTraining,0.0,82.75,,,0.0,106.7,138.0,0.37623012869038613,1,64.11200186073725,13856065812
"Mar 11, 2025 10:14 AM",Morning Weight Training - Push,WeightTraining,0.0,78.5,,,0.0,109.5,144.0,0.39742619227857684,1,66.91417793983373,13852846114
"Mar 10, 2025 11:15 AM",Lunch Weight Training - Legs,WeightTraining,0.0,49.56666666666667,,,0.0,115.7,146.0,0.44436033308099926,1,51.69550943505595,13843540591
"Mar 09, 2025 03:21 PM",Afternoon Walk,Walk,2.0038593379000003,38.166666666666664,19.04657973980573,19:03 /mi,66.929136,101.3,117.0,0.33535200605601817,1,24.367830772716605,13837662834
"Mar 07, 2025 03:33 PM",Afternoon Weight Training - Pull,WeightTraining,0.0,71.13333333333334,,,0.0,114.1,144.0,0.43224829674489024,1,70.50740114465798,13817691480
"Mar 06, 2025 02:26 PM",Afternoon Weight Training - Push,WeightTraining,0.0,77.46666666666667,,,0.0,107.9,146.0,0.3853141559424679,1,62.549273850910616,13808862290
"Mar 05, 2025 12:15 PM",Lunch Weight Training - Legs,WeightTraining,0.0,39.78333333333333,,,0.0,107.1,136.0,0.3792581377744133,1,31.252065975280672,13808867113
"Mar 01, 2025 11:11 AM",Lunch Run,Run,3.1736523825000003,30.366666666666667,9.56836572086882,9:34 /mi,100.393704,157.3,167.0,0.7592732778198336,3,99.06306746925858,13760961245
"Feb 28, 2025 07:52 PM",Evening Walk,Walk,1.0570763452,19.433333333333334,18.384039546033474,18:23 /mi,31.496063999999997,108.1,122.0,0.38682816048448143,1,15.798660508561458,13755571146
"Feb 28, 2025 03:49 PM",Afternoon Weight Training - Push,WeightTraining,0.0,61.65,,,0.0,102.4,130.0,0.3436790310370932,1,40.98843126911552,13753723052
"Feb 27, 2025 02:10 PM",Afternoon Weight Training - Pull,WeightTraining,0.0,63.28333333333333,,,0.0,110.8,143.0,0.4072672218016654,1,56.333496320177005,13753723053
"Feb 24, 2025 11:23 AM",Lunch Weight Training - Legs,WeightTraining,0.0,63.833333333333336,,,0.0,110.8,139.0,0.4072672218016654,1,56.82309478701026,13715282913
"Feb 22, 2025 01:54 PM",Afternoon Weight Training,WeightTraining,0.0,71.86666666666666,,,0.0,107.0,137.0,0.3785011355034065,1,56.260828230452894,13708981582
"Feb 21, 2025 04:16 PM",Afternoon Weight Training,WeightTraining,0.0,46.03333333333333,,,0.0,110.7,139.0,0.40651021953065863,1,40.842335703778076,13708981578
"Feb 20, 2025 11:48 AM",Lunch Weight Training - Legs,WeightTraining,0.0,46.766666666666666,,,0.0,108.9,140.0,0.392884178652536,1,39.0666007074193,13680092856
"Feb 18, 2025 11:57 AM",Lunch Weight Training - Push,WeightTraining,0.0,65.98333333333333,,,0.0,102.1,143.0,0.3414080242240726,1,43.38998379662986,13662354290
"Feb 17, 2025 02:32 PM",Afternoon Weight Training - Pull,WeightTraining,0.0,83.01666666666667,,,0.0,112.2,144.0,0.4178652535957608,1,77.38139828760727,13654667646
"Feb 16, 2025 03:35 PM",Afternoon Weight Training - Legs,WeightTraining,0.0,61.31666666666667,,,0.0,105.1,142.0,0.36411809235427706,1,44.91992210501781,13646818408
"Feb 15, 2025 12:48 PM",Lunch Weight Training - Push,WeightTraining,0.0,69.31666666666666,,,0.0,103.3,135.0,0.3504920514761544,1,47.6180964218918,13636205442
"Feb 12, 2025 03:59 PM",Afternoon Weight Training - Pull,WeightTraining,0.0,51.03333333333333,,,0.0,110.2,142.0,0.40272520817562457,1,44.532114298007905,13612115135
"Feb 11, 2025 03:55 PM",Afternoon Weight Training - Push,WeightTraining,0.0,59.86666666666667,,,0.0,101.3,152.0,0.33535200605601817,1,38.22237909851443,13603274121
"Feb 07, 2025 10:42 AM",Morning Run!,Run,3.1294107673,29.483333333333334,9.42136891756496,9:25 /mi,122.04724800000001,145.2,157.0,0.667676003028009,2,70.9383229904511,13565965161
"Feb 05, 2025 03:48 PM",Afternoon Weight Training - Push,WeightTraining,0.0,41.016666666666666,,,0.0,107.4,136.0,0.3815291445874338,1,32.55550273893084,13555004085
"Feb 04, 2025 05:30 PM",Afternoon Run,Run,1.0197940852,9.783333333333333,9.593439965299117,9:36 /mi,20.341208,139.0,151.0,0.6207418622255867,2,19.998647950925072,13548374714
"Jan 30, 2025 04:22 PM",Afternoon Weight Training - Legs,WeightTraining,0.0,47.916666666666664,,,0.0,108.6,143.0,0.3906131718395155,1,39.62273786155556,13496516778
"Jan 29, 2025 04:17 PM",Afternoon Weight Training - Pull,WeightTraining,0.0,41.06666666666667,,,0.0,114.7,143.0,0.43679031037093113,1,41.493306303227975,13496523900
"Jan 27, 2025 05:55 PM",Afternoon Weight Training - Legs,WeightTraining,0.0,50.71666666666667,,,0.0,107.7,142.0,0.38380015140045426,1,40.67109230974102,13473798817
"Jan 24, 2025 03:15 PM",Afternoon Weight Training - Push,WeightTraining,0.0,45.15,,,0.0,108.9,131.0,0.392884178652536,1,37.7161159359939,13442642866
"Jan 23, 2025 04:38 PM",Afternoon Weight Training - Pull,WeightTraining,0.0,95.9,,,0.0,113.3,144.0,0.4261922785768357,1,92.6408769853057,13435924499
"Jan 21, 2025 04:57 PM",Afternoon Weight Training - Legs,WeightTraining,0.0,50.31666666666667,,,0.0,116.4,147.0,0.449659348978047,1,53.646559175647425,13418365614
"Jan 20, 2025 11:25 AM",Lunch Weight Training - Push,WeightTraining,0.0,90.28333333333333,,,0.0,112.6,142.0,0.420893262679788,1,85.25885037659106,13406931788
"Jan 18, 2025 04:51 PM",Afternoon Weight Training,WeightTraining,0.0,31.733333333333334,,,0.0,117.2,144.0,0.4557153671461015,1,34.69009844531446,13391658034
"Jan 13, 2025 11:56 AM",Lunch Weight Training - Push,WeightTraining,0.0,58.833333333333336,,,0.0,118.1,147.0,0.46252838758516274,1,66.13616656819984,13344958182
"Jan 12, 2025 10:15 AM",Morning Weight Training - Legs,WeightTraining,0.0,43.916666666666664,,,0.0,126.5,152.0,0.526116578349735,1,63.44702274629905,13335950867
"Jan 11, 2025 02:09 PM",Afternoon Weight Training - Shoulders,WeightTraining,0.0,67.03333333333333,,,0.0,121.2,148.0,0.485995457986374,1,82.82627041487741,13328257301
"Jan 10, 2025 06:23 PM",Evening Weight Training - Back,WeightTraining,0.0,32.18333333333333,,,0.0,117.6,146.0,0.4587433762301287,1,35.62229422463842,13320344832
"Jan 08, 2025 03:36 PM",Afternoon Weight Training - Push,WeightTraining,0.0,55.96666666666667,,,0.0,113.9,139.0,0.4307342922028767,1,55.119427821184146,13302821570
"Jan 07, 2025 11:52 AM",Lunch Weight Training - Legs,WeightTraining,0.0,31.766666666666666,,,0.0,115.3,149.0,0.441332323996972,1,32.71450200208118,13291758904
"Jan 04, 2025 02:29 PM",Afternoon Weight Training - Push,WeightTraining,0.0,49.666666666666664,,,0.0,124.7,155.0,0.5124905374716124,1,68.09084827853312,13267203069
"Jan 02, 2025 08:00 PM",Evening Walk,Walk,1.1020014685,20.0,18.148796142008045,18:09 /mi,61.679792,111.5,131.0,0.4125662376987131,1,18.219654702289102,13251402166
"Jan 02, 2025 05:11 PM",Afternoon Walk,Walk,1.3896341044,27.5,19.78938190486742,19:47 /mi,48.556432,98.4,110.0,0.31339894019682063,1,15.731005526506445,13250735716
"Dec 31, 2024 11:12 AM",Full Body to end 2024,WeightTraining,0.0,46.86666666666667,,,0.0,128.9,157.0,0.5442846328538986,1,72.53362438646437,13233081863
"Dec 30, 2024 05:07 PM",Afternoon Tennis,Tennis,0.0,57.1,,,0.0,128.7,144.0,0.5427706283118848,1,87.86971965914917,13227011885
"Dec 30, 2024 02:20 PM",Afternoon Weight Training - Shoulders!,WeightTraining,0.0,63.1,,,0.0,125.0,147.0,0.5147615442846328,1,87.27040729407837,13226059508
"Dec 30, 2024 09:56 AM",Old City run with Sis,Run,3.0104182208,26.566666666666666,8.824908938933653,8:49 /mi,88.58268,155.2,169.0,0.7433762301286904,3,82.3012801966835,13224152801
"Dec 29, 2024 10:52 AM",Old City Walk,Walk,1.946133972,32.18333333333333,16.537059522299593,16:32 /mi,16.4042,97.0,111.0,0.3028009084027252,1,17.42919557862971,13217629227
"Dec 27, 2024 12:59 PM",Lunch Weight Training - Push,WeightTraining,0.0,85.85,,,0.0,103.5,131.0,0.3520060560181681,1,59.40309420251824,13203007365
"Dec 22, 2024 10:19 AM",Morning Weight Training - Back & Bis,WeightTraining,0.0,54.75,,,0.0,122.8,154.0,0.49810749432248297,1,70.96624806161097,13169346658
"Dec 20, 2024 12:27 PM",Lunch Weight Training - Legs,WeightTraining,0.0,55.15,,,0.0,112.8,149.0,0.42240726722180166,1,52.420270421276726,13156584272
"Dec 19, 2024 04:01 PM",Afternoon Yoga,Yoga,0.0,53.88333333333333,,,0.0,108.0,136.0,0.38607115821347465,1,43.65615413150478,13151479883
"Dec 18, 2024 03:33 PM",Afternoon Walk,Walk,3.1397255259,75.25,23.96706316499741,23:58 /mi,467.847784,97.7,127.0,0.30809992429977295,1,41.88956033516704,13165433251
"Dec 18, 2024 12:24 PM",Lunch Weight Training - Push,WeightTraining,0.0,69.7,,,0.0,112.2,145.0,0.4178652535957608,1,64.96868252133581,13143734873
"Dec 17, 2024 12:26 PM",Lunch Weight Training - Pull,WeightTraining,0.0,75.66666666666667,,,0.0,127.5,154.0,0.5336866010598033,1,112.51308220360944,13136631541
"Dec 16, 2024 04:48 PM",Afternoon Tennis,Tennis,0.0,61.4,,,0.0,121.2,136.0,0.485995457986374,1,75.86573351775446,13131239687
"Dec 16, 2024 11:27 AM",Lunch Weight Training - Legs,WeightTraining,0.0,61.43333333333333,,,0.0,120.3,154.0,0.47918243754731266,1,73.87016119779126,13128794570
"Dec 14, 2024 01:38 PM",Afternoon Weight Training - Push,WeightTraining,0.0,95.06666666666666,,,0.0,114.4,151.0,0.43451930355791074,1,95.1391497848394,13116202528
"Dec 12, 2024 05:07 PM",Afternoon Weight Training - Pull,WeightTraining,0.0,52.88333333333333,,,0.0,127.7,155.0,0.5352006056018168,1,79.08788903377929,13103340142
"Dec 11, 2024 11:30 AM",Lunch Weight Training - Legs,WeightTraining,0.0,41.7,,,0.0,125.9,156.0,0.5215745647236942,1,59.205903580737605,13094247923
"Dec 09, 2024 04:27 PM",Afternoon Weight Training - Push,WeightTraining,0.0,67.25,,,0.0,125.2,166.0,0.5162755488266465,1,93.55518027168218,13082014924
"Dec 08, 2024 06:13 PM",Evening Run,Run,1.0063103345,9.666666666666666,9.60604928247079,9:36 /mi,9.84252,148.1,162.0,0.6896290688872067,2,25.057418874033218,13075777766
"Dec 06, 2024 03:27 PM",Afternoon Weight Training - Pull,WeightTraining,0.0,67.2,,,0.0,118.3,147.0,0.4640423921271764,1,76.00926736208405,13061312902
"Dec 04, 2024 07:43 AM",Morning Weight Training - Legs,WeightTraining,0.0,39.56666666666667,,,0.0,113.5,141.0,0.4277062831188494,1,38.469453206525294,13045142114
"Dec 03, 2024 08:11 PM",Evening Weight Training - Push,WeightTraining,0.0,53.0,,,0.0,116.8,135.0,0.45268735806207416,1,57.219691175203515,13042145669
"Dec 02, 2024 05:02 PM",Afternoon Tennis,Tennis,0.0,74.48333333333333,,,0.0,131.7,158.0,0.5654806964420893,1,124.73845739894101,13034175809
"Nov 30, 2024 12:07 PM",Lunch Walk,Walk,1.0714921524,19.333333333333332,18.04337371023132,18:03 /mi,9.186352,97.6,111.0,0.30734292202876606,1,10.720287638721215,13017703249
"Nov 27, 2024 11:13 AM",Push Day,WeightTraining,0.0,58.35,,,0.0,108.2,125.0,0.3875851627554883,1,47.598592512748006,12996100502
"Nov 26, 2024 02:07 PM",Pull Day,WeightTraining,0.0,81.38333333333334,,,0.0,112.2,143.0,0.4178652535957608,1,75.85893753029238,12990199866
"Nov 25, 2024 03:35 PM",Leg Day at the Fitler Club,WeightTraining,0.0,65.06666666666666,,,0.0,116.9,154.0,0.45344436033308105,1,70.46688271607104,12983013258
"Nov 21, 2024 05:27 PM",Push Day,WeightTraining,0.0,50.71666666666667,,,0.0,106.4,132.0,0.3739591218773657,1,38.886506519555994,12955516981
"Nov 20, 2024 06:14 PM",Evening Walk,Walk,1.4108228555,27.416666666666668,19.433103567740343,19:26 /mi,24.278216,97.4,112.0,0.3058289174867525,1,15.083677456162263,12948214600
"Nov 19, 2024 04:40 PM",Afternoon Weight Training,WeightTraining,0.0,63.083333333333336,,,0.0,114.2,146.0,0.43300529901589707,1,62.72884969972335,12940271400
"Nov 18, 2024 06:03 PM",Leg Day,WeightTraining,0.0,43.733333333333334,,,0.0,106.9,142.0,0.37774413323239975,1,34.118546254670335,12932896416
"Nov 16, 2024 11:16 AM","Chest, Tris, and Shoulders",WeightTraining,0.0,67.28333333333333,,,0.0,117.7,150.0,0.45950037850113556,1,74.70430880169532,12915650048
"Nov 15, 2024 05:39 PM",Post-Half 5k!,Run,3.1215193556000003,28.966666666666665,9.279669086369916,9:17 /mi,65.6168,146.7,166.0,0.6790310370931112,2,72.44277155984503,12909550939
"Nov 12, 2024 05:07 PM",Leg Day,WeightTraining,0.0,40.18333333333333,,,0.0,109.2,143.0,0.39515518546555645,1,33.90876567390447,12887276673
"Nov 11, 2024 04:39 PM",Tennis üéæüè∏,Tennis,0.0,62.88333333333333,,,0.0,128.2,147.0,0.5389856169568508,1,95.39890965432824,12879345590
"Nov 11, 2024 09:40 AM",Chest & Tris - Push Day,WeightTraining,0.0,75.93333333333334,,,0.0,114.7,140.0,0.43679031037093113,1,76.7222011028842,12876357056
"Nov 10, 2024 04:14 PM",Pull Day,WeightTraining,0.0,39.516666666666666,,,0.0,126.7,149.0,0.5276305828917487,1,57.4212445656171,12871530299
"Nov 09, 2024 07:13 AM",1/2 Marathon / Italian Stallion Challenge,Run,13.2306662917,133.7,10.105311180274727,10:06 /mi,581.3648479999999,150.0,164.0,0.7040121120363362,3,363.7046076898214,12861286797
"Nov 07, 2024 03:49 PM",Afternoon Weight Training,WeightTraining,0.0,61.56666666666667,,,0.0,101.4,134.0,0.33610900832702506,1,39.45379153008078,12847879464
"Nov 06, 2024 05:51 PM",Afternoon Run,Run,1.0105977944,9.966666666666667,9.862149632519193,9:52 /mi,38.713912,138.7,150.0,0.6184708554125662,2,20.210555642033217,12840675929
"Nov 06, 2024 05:24 PM",Afternoon Walk,Walk,1.2721328483,24.05,18.905258230018145,18:54 /mi,8.530184,99.7,109.0,0.3232399697199092,1,14.460133472050721,12844444361
"Nov 05, 2024 04:38 PM",Shoulder Day,WeightTraining,0.0,53.13333333333333,,,0.0,119.4,142.0,0.47236941710825137,1,62.16299098262933,12832515848
"Nov 04, 2024 05:44 PM",Recovery Run,Run,1.1049840493,12.216666666666667,11.055966531286893,11:03 /mi,34.120736,135.3,144.0,0.5927327781983347,1,22.597436378713,12824433237
"Nov 04, 2024 04:22 PM",Pull Day,WeightTraining,0.0,62.85,,,0.0,111.8,139.0,0.41483724451173354,1,57.822005830034676,12824255186
"Nov 03, 2024 09:08 AM",Longest one yet!,Run,12.0066275588,123.75,10.306807585557204,10:18 /mi,430.44620799999996,142.4,154.0,0.6464799394398184,2,276.7990452342942,12814801230
"Oct 31, 2024 06:27 PM",Evening Run,Run,1.0049433183,9.083333333333334,9.038652397529289,9:02 /mi,54.461944,148.1,160.0,0.6896290688872067,2,23.54533325232432,12792852970
"Oct 30, 2024 08:36 PM",Quick Night Run,Run,1.0138289236,9.133333333333333,9.008751990327744,9:01 /mi,0.0,143.8,154.0,0.6570779712339139,2,21.190815138884844,12786000000
"Oct 29, 2024 03:52 PM",Push Day,WeightTraining,0.0,62.2,,,0.0,110.8,139.0,0.4072672218016654,1,55.36913570368728,12776565768
"Oct 28, 2024 05:22 PM",Turned 3 into 6!,Run,6.0078497877000006,61.416666666666664,10.222736725609606,10:13 /mi,152.230976,134.5,148.0,0.5866767600302801,1,111.1431873896122,12768856049
"Oct 21, 2024 11:47 AM",Lunch Weight Training,WeightTraining,0.0,74.26666666666667,,,0.0,109.0,135.0,0.3936411809235428,1,62.248708852933106,12710164387
"Oct 18, 2024 04:43 PM",Afternoon Tennis,Tennis,0.0,55.13333333333333,,,0.0,134.8,156.0,0.5889477668433006,1,100.59639539063535,12692429720
"Oct 18, 2024 12:01 PM",Lunch Weight Training,WeightTraining,0.0,58.13333333333333,,,0.0,122.3,150.0,0.4943224829674489,1,74.2376337401941,12692429685
"Oct 17, 2024 07:01 PM",Evening Run,Run,3.1469955666000002,31.6,10.041323329266872,10:02 /mi,76.115488,145.1,159.0,0.6669190007570023,2,75.83462051933377,12681480608
"Oct 17, 2024 11:22 AM",Lunch Weight Training,WeightTraining,0.0,75.35,,,0.0,112.2,137.0,0.4178652535957608,1,70.23515391653734,12680100826
"Oct 14, 2024 04:45 PM",Afternoon Run,Run,3.1258689526000003,30.716666666666665,9.826600901204607,9:50 /mi,74.803152,148.0,160.0,0.6888720666161999,2,79.41919251207929,12661470009
"Oct 14, 2024 11:56 AM",Lunch Weight Training,WeightTraining,0.0,52.05,,,0.0,120.5,155.0,0.48069644208932627,1,62.96774796495771,12661469818
"Oct 12, 2024 04:39 PM",Afternoon Run,Run,8.005743964,81.05,10.123981027180397,10:07 /mi,555.774296,148.2,162.0,0.6903860711582134,2,210.63003173355895,12640473673
"Oct 11, 2024 10:56 AM",Morning Weight Training,WeightTraining,0.0,69.65,,,0.0,114.2,143.0,0.43300529901589707,1,69.25861635274607,12630208768
"Oct 11, 2024 10:42 AM",Morning Walk,Walk,0.46814091139999997,14.616666666666667,31.2227927761211,31:13 /mi,0.0,99.9,113.0,0.3247539742619228,1,8.855180678412028,12855464592
"Oct 10, 2024 05:25 PM",Afternoon Run,Run,5.0080017116,52.1,10.403351077001656,10:24 /mi,191.601056,144.1,154.0,0.6593489780469342,2,121.82829787297528,12625969203
"Oct 10, 2024 03:00 PM",Afternoon Weight Training,WeightTraining,0.0,75.38333333333334,,,0.0,116.3,140.0,0.4489023467070401,1,80.12026412491204,12625969149
"Oct 07, 2024 11:49 AM",Lunch Weight Training,WeightTraining,0.0,61.9,,,0.0,111.5,145.0,0.4125662376987131,1,56.38983130358478,12615506121
"Oct 06, 2024 12:35 PM",Lunch Tennis,Tennis,0.0,50.78333333333333,,,0.0,145.6,161.0,0.6707040121120363,2,123.45695664180732,12594402890
"Oct 05, 2024 02:44 PM",Afternoon Run,Run,4.1109283989,39.833333333333336,9.689619829912854,9:41 /mi,167.97900800000002,150.3,168.0,0.7062831188493567,3,109.18334869646269,12584654402
"Oct 04, 2024 04:38 PM",Afternoon Weight Training,WeightTraining,0.0,54.85,,,0.0,117.0,149.0,0.45420136260408783,1,59.58799654970966,12580807481
"Oct 03, 2024 05:43 PM",Afternoon Weight Training,WeightTraining,0.0,52.15,,,0.0,116.9,150.0,0.45344436033308105,1,56.47819570148215,12571954762
"Oct 02, 2024 06:25 PM",Evening Walk,Walk,1.679565813,29.233333333333334,17.405291955256853,17:24 /mi,20.341208,106.7,121.0,0.37623012869038613,1,22.649033487156725,12571954816
"Sep 30, 2024 11:05 AM",Lunch Weight Training,WeightTraining,0.0,47.21666666666667,,,0.0,108.2,137.0,0.3875851627554883,1,38.516655980752674,12542508720
"Sep 25, 2024 09:33 AM",Morning Weight Training,WeightTraining,0.0,58.71666666666667,,,0.0,108.4,136.0,0.38909916729750194,1,48.22477910451359,12502277432
"Sep 24, 2024 06:46 PM",Evening Run,Run,5.4059277,54.15,10.016782133434747,10:01 /mi,272.30971999999997,146.1,162.0,0.6744890234670704,2,133.3499694394153,12496581967
"Sep 23, 2024 07:29 PM",Evening Walk,Walk,1.7667441643000001,43.11666666666667,24.404589831346563,24:24 /mi,13.12336,96.0,110.0,0.2952308856926571,1,22.437986648775222,12488069569
"Sep 23, 2024 05:11 PM",Afternoon Tennis,Tennis,0.0,51.333333333333336,,,0.0,135.8,156.0,0.5965177895533688,1,96.25570604773698,12488684223
"Sep 23, 2024 11:33 AM",Lunch Weight Training,WeightTraining,0.0,64.7,,,0.0,113.3,155.0,0.4261922785768357,1,62.50119646453888,12485802044
"Sep 22, 2024 11:13 AM",Lunch Weight Training,WeightTraining,0.0,61.11666666666667,,,0.0,111.2,134.0,0.4102952308856927,1,55.12884853737721,12484582480
"Sep 21, 2024 06:02 PM",Evening Pickleball,Pickleball,0.0,86.01666666666667,,,0.0,125.3,158.0,0.5170325510976533,1,120.0122869850635,12471667558
"Sep 21, 2024 11:28 AM",Lunch Run,Run,1.0119026735,8.65,8.54825293630376,8:33 /mi,92.519688,157.2,169.0,0.7585162755488266,3,28.149217230724588,12468904947
"Sep 21, 2024 10:54 AM",Morning Run,Run,3.0524229004,31.05,10.17224710112452,10:10 /mi,118.76640800000001,147.9,158.0,0.6881150643451931,2,80.07634735986674,12468904962
"Sep 20, 2024 04:21 PM",Afternoon Tennis,Tennis,0.0,43.666666666666664,,,0.0,127.2,142.0,0.5314155942467828,1,64.37285737857293,12468904693
"Sep 20, 2024 11:19 AM",Lunch Weight Training,WeightTraining,0.0,65.68333333333334,,,0.0,115.4,149.0,0.44208932626797887,1,67.85773625240145,12468904689
"Sep 17, 2024 06:36 PM",Evening Run,Run,1.0045704957000001,9.666666666666666,9.622686220672632,9:37 /mi,9.84252,144.7,157.0,0.6638909916729749,2,22.959158800707247,12451871165
"Sep 16, 2024 12:03 PM",Lunch Weight Training,WeightTraining,0.0,65.61666666666666,,,0.0,111.7,134.0,0.41408024224072676,1,60.16966319883979,12451871156
"Sep 13, 2024 12:11 PM",Lunch Weight Training,WeightTraining,0.0,47.7,,,0.0,121.3,151.0,0.4867524602573808,1,59.115700043306006,12402102195
"Sep 12, 2024 04:55 PM",Afternoon Run,Run,1.2965527286,11.6,8.94680157938931,8:57 /mi,12.467191999999999,146.6,160.0,0.6782740348221045,2,28.936024849482628,12396453568
"Sep 11, 2024 05:18 PM",Afternoon Weight Training,WeightTraining,0.0,50.333333333333336,,,0.0,116.0,141.0,0.4466313398940197,1,52.993960441280365,12396453488
"Sep 07, 2024 06:09 PM",Evening Run,Run,7.006641533100001,70.93333333333334,10.123728036925813,10:07 /mi,238.84515199999998,140.5,157.0,0.6320968962906889,2,150.905517643517,12353529018
"Sep 07, 2024 04:42 PM",Afternoon Weight Training,WeightTraining,0.0,65.73333333333333,,,0.0,107.6,133.0,0.38304314912944737,1,52.532990598497165,12353528580
"Sep 06, 2024 02:49 PM",Afternoon Pickleball,Pickleball,0.0,37.81666666666667,,,0.0,126.3,151.0,0.5246025738077215,1,54.318917722029276,12349500193
"Sep 06, 2024 12:03 PM",Lunch Weight Training,WeightTraining,0.0,53.4,,,0.0,126.4,152.0,0.5253595760787283,1,76.92483590481744,12349500198
"Sep 04, 2024 06:16 PM",Evening Run,Run,2.3636331469000003,23.95,10.132706097564839,10:08 /mi,36.745408,147.2,160.0,0.6828160484481453,2,60.66975795530063,12328849957
"Sep 03, 2024 05:32 PM",Afternoon Weight Training,WeightTraining,0.0,43.166666666666664,,,0.0,115.0,149.0,0.4390613171839516,1,44.033474135542015,12328849847
"Sep 02, 2024 02:47 PM",Afternoon Tennis,Tennis,0.0,13.35,,,0.0,127.8,145.0,0.5359576078728236,1,20.022462756538268,12309397056
"Sep 02, 2024 11:04 AM",Lunch Weight Training,WeightTraining,0.0,70.96666666666667,,,0.0,118.2,158.0,0.4632853898561696,1,80.02236913248332,12308313759
"Aug 31, 2024 07:21 PM",Evening Run,Run,1.0073666652,9.733333333333333,9.662155468883718,9:40 /mi,96.456696,156.9,166.0,0.7562452687358063,3,31.44241604127733,12293549353
"Aug 31, 2024 07:04 PM",Evening Run,Run,1.0274369485000001,9.133333333333333,8.88943438005367,8:53 /mi,95.800528,161.3,173.0,0.7895533686601061,3,32.837965902415384,12293549348
"Aug 31, 2024 06:51 PM",Evening Run,Run,1.0082365845999999,8.3,8.232194830832169,8:14 /mi,12.467191999999999,159.1,176.0,0.7728993186979561,3,28.2930366710086,12293549352
"Aug 30, 2024 11:37 AM",Lunch Weight Training,WeightTraining,0.0,57.666666666666664,,,0.0,108.3,135.0,0.3883421650264951,1,47.20160061394764,12293549121
"Aug 28, 2024 04:42 PM",Afternoon Walk,Walk,3.3352088425,65.95,19.773874175317104,19:46 /mi,38.057744,100.1,114.0,0.3262679788039364,1,40.257454192558264,12293549405
"Aug 27, 2024 06:16 PM",Evening Weight Training,WeightTraining,0.0,45.4,,,0.0,119.3,152.0,0.47161241483724453,1,52.953287436743295,12293549343
"Aug 22, 2024 04:49 PM",Afternoon Rock Climb,RockClimbing,0.0,64.85,,,0.0,100.7,147.0,0.33080999242997733,1,40.48862161256173,12231323192
"Aug 20, 2024 05:03 PM",Afternoon Weight Training,WeightTraining,0.0,52.916666666666664,,,0.0,124.1,160.0,0.5079485238455715,1,71.27918485905428,12199898348
"Aug 19, 2024 10:54 AM",Morning Weight Training,WeightTraining,0.0,94.68333333333334,,,0.0,115.6,147.0,0.4436033308099924,1,98.4384884675748,12196659527
"Aug 18, 2024 11:30 AM",Lunch Weight Training,WeightTraining,0.0,74.46666666666667,,,0.0,107.8,135.0,0.384557153671461,1,59.92168598457327,12183397662
"Aug 16, 2024 12:38 PM",Lunch Weight Training,WeightTraining,0.0,55.1,,,0.0,105.0,136.0,0.3633610900832703,1,40.22323478954383,12166712723
"Aug 15, 2024 05:10 PM",Afternoon Weight Training,WeightTraining,0.0,47.666666666666664,,,0.0,118.9,148.0,0.4685844057532173,1,54.919878511628475,12158756186
"Aug 14, 2024 02:44 PM",Afternoon Weight Training,WeightTraining,0.0,83.11666666666666,,,0.0,106.4,133.0,0.3739591218773657,1,63.728888601060056,12158756183
"Aug 12, 2024 10:01 AM",Morning Weight Training,WeightTraining,0.0,75.6,,,0.0,113.7,145.0,0.429220287660863,1,73.97847960052182,12132576982
"Aug 11, 2024 11:05 AM",Forgot I liked Pull day until today!,WeightTraining,0.0,69.86666666666666,,,0.0,120.3,144.0,0.47918243754731266,1,84.01077475342944,12121516181
"Aug 09, 2024 02:47 PM",Afternoon Weight Training,WeightTraining,0.0,63.86666666666667,,,0.0,113.5,139.0,0.4277062831188494,1,62.095595908763656,12121516182
"Aug 08, 2024 10:37 AM",Morning Weight Training,WeightTraining,0.0,60.416666666666664,,,0.0,107.9,142.0,0.3853141559424679,1,48.78251241599634,12121516177
"Aug 06, 2024 04:30 PM",Afternoon Weight Training,WeightTraining,0.0,82.7,,,0.0,108.6,139.0,0.3906131718395155,1,68.38540009357868,12121516008
"Aug 05, 2024 04:47 PM",Afternoon Run,Run,1.0700629991,9.783333333333333,9.142763876109932,9:09 /mi,15.091864,147.2,165.0,0.6828160484481453,2,24.782983938595315,12071978492
"Aug 05, 2024 12:16 PM",Lunch Weight Training,WeightTraining,0.0,36.71666666666667,,,0.0,114.8,134.0,0.4375473126419379,1,37.21646195266578,12069873397
"Aug 04, 2024 01:49 PM",Afternoon Weight Training,WeightTraining,0.0,66.71666666666667,,,0.0,109.3,131.0,0.3959121877365632,1,56.48885470115668,12069873408
"Aug 02, 2024 08:39 PM",Evening Walk,Walk,1.5178850788000002,28.116666666666667,18.52358064478436,18:31 /mi,0.0,97.3,104.0,0.3050719152157456,1,15.408092446839571,12069873415
"Jul 31, 2024 03:13 PM",Afternoon Weight Training,WeightTraining,0.0,53.666666666666664,,,0.0,108.8,136.0,0.39212717638152916,1,44.67916085068576,12032181448
"Jul 30, 2024 05:01 PM",Afternoon Weight Training,WeightTraining,0.0,69.03333333333333,,,0.0,119.4,149.0,0.47236941710825137,1,80.76509054267588,12027497034
"Jul 29, 2024 11:38 AM",Lunch Weight Training,WeightTraining,0.0,72.41666666666667,,,0.0,108.8,140.0,0.39212717638152916,1,60.289116116841505,12011750543
"Jul 28, 2024 11:21 AM",Sunday Long Run,Run,5.029376874,50.45,10.031063740879642,10:02 /mi,59.711287999999996,152.8,169.0,0.725208175624527,3,147.24324063146048,12003844728
"Jul 27, 2024 11:05 AM",Lunch Weight Training,WeightTraining,0.0,33.766666666666666,,,0.0,109.0,143.0,0.3936411809235428,1,28.30248746320522,12003844605
"Jul 26, 2024 12:40 PM",Lunch Weight Training,WeightTraining,0.0,74.81666666666666,,,0.0,106.0,134.0,0.3709311127933384,1,56.570604756350335,11994590746
"Jul 25, 2024 05:22 PM",Afternoon Weight Training,WeightTraining,0.0,51.93333333333333,,,0.0,109.9,140.0,0.4004542013626041,1,44.865855044002735,11994590724
"Jul 23, 2024 02:20 PM",Afternoon Weight Training,WeightTraining,0.0,98.26666666666667,,,0.0,113.2,143.0,0.42543527630582895,1,94.6208778243389,11963595127
"Jul 22, 2024 12:16 PM",Lunch Weight Training,WeightTraining,0.0,59.55,,,0.0,113.4,143.0,0.4269492808478426,1,57.71221571883978,11955222370
"Jul 21, 2024 12:06 PM",Lunch Weight Training,WeightTraining,0.0,64.23333333333333,,,0.0,121.2,152.0,0.485995457986374,1,79.36659527074531,11955222360
"Jul 20, 2024 06:27 PM",Fitler Square / Schuylkill River Run,Run,3.1352516547,31.85,10.158674169664893,10:10 /mi,141.07612,148.2,177.0,0.6903860711582134,2,82.77071573983778,11939185186
"Jul 19, 2024 12:11 PM",Lunch Weight Training,WeightTraining,0.0,82.56666666666666,,,0.0,110.0,136.0,0.4012112036336109,1,71.56916042277064,11929142876
"Jul 18, 2024 05:21 PM",Afternoon Weight Training,WeightTraining,0.0,46.25,,,0.0,110.9,140.0,0.4080242240726723,1,41.30730003176993,11928729055
"Jul 17, 2024 04:47 PM",Afternoon HIIT,HighIntensityIntervalTraining,0.0,43.483333333333334,,,0.0,122.4,147.0,0.4950794852384558,1,55.69516737543266,11928728894
"Jul 16, 2024 05:18 PM",Leg Day,WeightTraining,0.0,49.06666666666667,,,0.0,124.1,162.0,0.5079485238455715,1,66.09320322049003,11905884423
"Jul 15, 2024 05:23 PM",Afternoon Run,Run,1.0125240445,9.766666666666667,9.645861468395644,9:39 /mi,0.0,146.6,164.0,0.6782740348221045,2,24.36280253131727,11905884435
"Jul 15, 2024 11:45 AM",Pull Day,WeightTraining,0.0,68.56666666666666,,,0.0,127.0,155.0,0.5299015897047691,1,100.49958425707356,11905884409
"Jul 13, 2024 04:23 PM",Quick Shoulder Day,WeightTraining,0.0,29.15,,,0.0,113.5,132.0,0.4277062831188494,1,28.341648550215975,11905884411
"Jul 12, 2024 06:18 PM",Evening Run,Run,1.1219474776,10.183333333333334,9.076479547079053,9:05 /mi,6.56168,152.9,173.0,0.7259651778955337,3,29.795349040669574,11873154592
"Jul 12, 2024 12:05 PM",Push Day,WeightTraining,0.0,80.46666666666667,,,0.0,109.3,139.0,0.3959121877365632,1,68.13094941223693,11873154550
"Jul 11, 2024 05:17 PM",Afternoon Weight Training,WeightTraining,0.0,56.53333333333333,,,0.0,111.9,157.0,0.41559424678274043,1,52.181369523355684,11873154528
"Jul 08, 2024 11:59 AM",Lunch Weight Training,WeightTraining,0.0,53.766666666666666,,,0.0,117.4,143.0,0.4572293716881151,1,59.14333967641748,11873154534
"Jul 07, 2024 10:48 AM",Morning Weight Training,WeightTraining,0.0,66.43333333333334,,,0.0,111.6,139.0,0.41332323996971987,1,60.71885224665812,11873154530
"Jul 06, 2024 12:29 PM",Lunch Run,Run,1.049495619,10.333333333333334,9.845999493718072,9:51 /mi,0.0,153.2,173.0,0.7282361847085541,3,30.46134603075608,11823537134
"Jul 06, 2024 11:41 AM",Lunch Weight Training,WeightTraining,0.0,45.15,,,0.0,111.6,132.0,0.41332323996971987,1,41.26627464530779,11823537136
"Jul 05, 2024 12:29 PM",Lunch Weight Training,WeightTraining,0.0,37.38333333333333,,,0.0,114.3,140.0,0.43376230128690385,1,37.292416797371445,11816736950
"Jul 03, 2024 05:17 PM",Afternoon Weight Training,WeightTraining,0.0,68.05,,,0.0,113.7,141.0,0.429220287660863,1,66.59041715364431,11815437235
"Jul 02, 2024 05:27 PM",Afternoon Weight Training,WeightTraining,0.0,32.4,,,0.0,123.8,144.0,0.5056775170325511,1,43.25890570845627,11798729681
"Jul 01, 2024 05:15 PM",Afternoon Run,Run,3.2289544015000002,34.15,10.576179082657756,10:35 /mi,68.241472,157.2,170.0,0.7585162755488266,3,111.13245877794736,11785539157
"Jul 01, 2024 11:38 AM",Lunch Weight Training,WeightTraining,0.0,73.85,,,0.0,120.7,145.0,0.48221044663133994,1,89.88269376574152,11783442643
"Jun 27, 2024 12:39 PM",Lunch Walk,Walk,1.2561014765,8.533333333333333,6.79350633128034,6:48 /mi,7.874015999999999,109.6,118.0,0.3981831945495836,1,7.298352987645496,11756317112
"Jun 25, 2024 05:43 PM",Afternoon Weight Training,WeightTraining,0.0,48.78333333333333,,,0.0,110.1,132.0,0.4019682059046177,1,42.42701885888219,11740637938
"Jun 22, 2024 11:46 AM",Lunch Hike,Hike,2.8889401903,55.983333333333334,19.378502026904123,19:23 /mi,724.409472,118.6,157.0,0.4663133989401968,1,63.91016416610738,11737915866
"Jun 17, 2024 05:40 PM",Afternoon Run,Run,1.0037627134,9.366666666666667,9.331554700751317,9:20 /mi,7.874015999999999,153.3,162.0,0.7289931869795611,3,27.680641718377952,11676785533
"Jun 16, 2024 06:13 PM",Evening Walk,Walk,1.0564549742,8.6,8.140432114972382,8:08 /mi,0.0,103.8,111.0,0.3542770628311885,1,6.01525146752847,11672159482
"Jun 16, 2024 02:27 PM",Afternoon Weight Training,WeightTraining,0.0,48.53333333333333,,,0.0,111.5,151.0,0.4125662376987131,1,44.21302874422155,11672159461
"Jun 15, 2024 09:25 AM",Morning Weight Training,WeightTraining,0.0,36.016666666666666,,,0.0,111.6,138.0,0.41332323996971987,1,32.918574938541944,11660862913
"Jun 14, 2024 12:47 PM",Lunch Weight Training,WeightTraining,0.0,74.96666666666667,,,0.0,120.4,145.0,0.4799394398183195,1,90.41696761693353,11660862919
"Jun 13, 2024 07:53 PM",Evening Run,Run,2.0169081289,18.916666666666668,9.379042305205848,9:23 /mi,125.98425599999999,148.3,169.0,0.6911430734292204,2,49.28548642725035,11647214574
"Jun 11, 2024 05:28 PM",Afternoon Weight Training,WeightTraining,0.0,65.5,,,0.0,125.0,151.0,0.5147615442846328,1,90.58972547959006,11630781312
"Jun 10, 2024 05:13 PM",Afternoon Run,Run,2.0468582111,20.033333333333335,9.787357631658933,9:47 /mi,136.482944,156.9,171.0,0.7562452687358063,3,64.71538370139615,11622249479
"Jun 10, 2024 10:48 AM",Morning Weight Training,WeightTraining,0.0,67.11666666666666,,,0.0,122.7,155.0,0.4973504920514762,1,86.73739080664681,11621443651
"Jun 09, 2024 09:44 AM",Morning Weight Training,WeightTraining,0.0,71.41666666666667,,,0.0,122.6,174.0,0.4965934897804693,1,92.02012044346687,11612783596
"Jun 08, 2024 12:34 PM",Lunch Weight Training,WeightTraining,0.0,80.98333333333333,,,0.0,130.1,156.0,0.5533686601059803,1,129.66839122721885,11631797592
"Jun 07, 2024 12:09 PM",Lunch Weight Training,WeightTraining,0.0,73.31666666666666,,,0.0,115.9,144.0,0.44587433762301293,1,76.94943874468913,11597367648
"Jun 04, 2024 08:34 PM",Evening Walk,Walk,0.9826360994000001,3.9166666666666665,3.985877039382323,3:59 /mi,0.0,101.4,107.0,0.33610900832702506,1,2.509919060522193,11596725218
"Jun 04, 2024 07:41 PM",Evening Walk,Walk,0.8908596027000001,17.433333333333334,19.56911423584224,19:34 /mi,11.811024,104.4,115.0,0.35881907645722944,1,12.45820854295278,11596725008
"Jun 03, 2024 05:08 PM",Afternoon Walk,Walk,1.0696280394000002,8.15,7.619471161742994,7:37 /mi,13.779528,111.8,119.0,0.41483724451173354,1,7.498000756002906,11596724867
"Jun 03, 2024 11:26 AM",Lunch Weight Training,WeightTraining,0.0,77.23333333333333,,,0.0,102.7,133.0,0.3459500378501136,1,51.91430102420335,11596723827
"Jun 02, 2024 01:47 PM",Afternoon Weight Training,WeightTraining,0.0,82.03333333333333,,,0.0,111.0,146.0,0.408781226343679,1,73.50919190598034,11596723966
"May 31, 2024 08:11 AM",Morning Walk,Walk,1.2903390185999999,24.35,18.871009594377313,18:52 /mi,0.0,103.6,114.0,0.3527630582891748,1,16.90954492651415,11596724851
"May 30, 2024 05:56 PM",Afternoon Weight Training,WeightTraining,0.0,35.63333333333333,,,0.0,110.5,154.0,0.40499621498864496,1,31.405929243995047,11596724170
"May 29, 2024 05:52 PM",Afternoon Weight Training,WeightTraining,0.0,64.33333333333333,,,0.0,125.3,151.0,0.5170325510976533,1,89.7592380860967,11596724312
"May 28, 2024 09:33 AM",Morning Weight Training,WeightTraining,0.0,54.3,,,0.0,108.7,140.0,0.3913701741105224,1,45.05362879587407,11596724306
"May 25, 2024 04:34 PM",Afternoon Run,Run,1.0926809035,8.916666666666666,8.160357372500439,8:10 /mi,0.0,158.4,171.0,0.7676003028009085,3,29.881173871283064,11596724666
"May 23, 2024 03:19 PM",Afternoon Weight Training,WeightTraining,0.0,127.03333333333333,,,0.0,109.4,145.0,0.39666919000757006,1,107.9212445325711,11596724518
"May 23, 2024 12:12 PM",Lunch Walk,Walk,1.2780980099,25.2,19.716797776699202,19:43 /mi,0.0,108.5,125.0,0.3898561695685087,1,20.76752432912463,11596724657
"May 16, 2024 01:15 PM",Afternoon Weight Training,WeightTraining,0.0,66.23333333333333,,,0.0,121.1,148.0,0.4852384557153671,1,81.59164346930125,11596722221
"Nov 02, 2023 11:53 AM",Lunch Weight Training,WeightTraining,0.0,59.916666666666664,,,0.0,120.5,152.0,0.48069644208932627,1,72.48448733077905,10148836075
"Oct 30, 2023 05:09 PM",Afternoon Run,Run,3.9503661325,42.88333333333333,10.855533865716517,10:51 /mi,202.755912,148.4,176.0,0.6919000757002272,2,112.01330538683543,10148836446
"Oct 30, 2023 04:01 PM",Afternoon Weight Training,WeightTraining,0.0,57.733333333333334,,,0.0,109.5,143.0,0.39742619227857684,1,49.21246547422167,10148837580
"Oct 28, 2023 01:04 PM",Afternoon Walk,Walk,1.3441497472,16.683333333333334,12.411811532224299,12:25 /mi,8.530184,126.9,138.0,0.5291445874337624,1,24.382709710234455,10148837704
"Oct 17, 2023 03:54 PM",Afternoon Weight Training,WeightTraining,0.0,58.43333333333333,,,0.0,119.5,155.0,0.47312641937925815,1,68.57284244895614,10148838203
"Oct 14, 2023 12:18 PM",Lunch Weight Training,WeightTraining,0.0,40.733333333333334,,,0.0,121.1,154.0,0.4852384557153671,1,50.17865541997288,10148837120
"Oct 06, 2023 04:44 PM",Afternoon Walk,Walk,2.7616834095000002,53.03333333333333,19.203263180313257,19:12 /mi,169.947512,105.4,120.0,0.36638909916729756,1,39.26479513321033,10148837654
"Oct 06, 2023 12:17 PM",Lunch Weight Training,WeightTraining,0.0,69.7,,,0.0,109.0,138.0,0.3936411809235428,1,58.421027922568726,10148837044
"Oct 04, 2023 03:45 PM",Afternoon Walk,Walk,1.3267513592,12.7,9.57225324242954,9:34 /mi,11.154855999999999,110.7,127.0,0.40651021953065863,1,11.26787103775485,10148838340
"May 07, 2023 12:29 PM",Lunch Weight Training,WeightTraining,0.0,51.31666666666667,,,0.0,111.3,142.0,0.4110522331566995,1,46.44184518819047,9029984836
"May 03, 2023 11:47 AM",Lunch Run,Run,1.2557286539,18.383333333333333,14.639574621666066,14:38 /mi,0.0,135.3,169.0,0.5927327781983347,1,34.00405501462542,9029985128
"May 02, 2023 12:38 PM",Lunch Weight Training,WeightTraining,0.0,49.71666666666667,,,0.0,123.4,162.0,0.5026495079485239,1,65.59930638586381,9029985386
"May 01, 2023 11:25 AM",Lunch Weight Training,WeightTraining,0.0,56.7,,,0.0,106.2,138.0,0.372445117335352,1,43.172479687813116,8997486996
"Apr 30, 2023 01:26 PM",Afternoon Weight Training,WeightTraining,0.0,54.05,,,0.0,114.5,143.0,0.4352763058289175,1,54.26425850931869,8997488497
"Apr 18, 2023 05:44 PM",Afternoon Weight Training,WeightTraining,0.0,37.13333333333333,,,0.0,104.8,136.0,0.3618470855412566,1,26.916187489631913,8997485334
"Mar 14, 2023 05:51 PM",Afternoon Weight Training,WeightTraining,0.0,45.733333333333334,,,0.0,119.7,147.0,0.4746404239212718,1,53.99758247945374,8715971971
"Mar 12, 2023 02:17 PM",Afternoon Weight Training,WeightTraining,0.0,61.38333333333333,,,0.0,128.1,154.0,0.538228614685844,1,92.85744054520791,8705546791
"Mar 11, 2023 03:25 PM",Afternoon Weight Training,WeightTraining,0.0,37.483333333333334,,,0.0,124.6,162.0,0.5117335352006056,1,51.23759545619499,8698664198
"Mar 06, 2023 07:02 PM",Evening Run,Run,0.9228602092,13.233333333333333,14.339477638552555,14:20 /mi,0.0,140.7,168.0,0.6336109008327024,2,28.30254116943644,8698664670
"Mar 03, 2023 05:23 PM",Afternoon Weight Training,WeightTraining,0.0,53.78333333333333,,,0.0,108.6,144.0,0.3906131718395155,1,44.47393915799645,8698664942
"Sep 15, 2021 06:38 PM",WHOOP Running ‚Üí 8.8 Day Strain,Run,1.1558743342,9.466666666666667,8.190048335331111,8:11 /mi,74.475068,152.9,166.0,0.7259651778955337,3,27.69845868265191,5966844255
"Sep 14, 2021 05:10 PM",WHOOP Weightlifting ‚Üí 6.1 Day Strain,WeightTraining,0.0,46.63333333333333,,,0.0,104.0,127.0,0.35579106737320215,1,32.8523353110273,5961274024
"Sep 13, 2021 05:45 PM",WHOOP Weightlifting ‚Üí 7.2 Day Strain,WeightTraining,0.0,50.21666666666667,,,0.0,100.6,124.0,0.33005299015897044,1,31.235231011622083,5956020122
"Sep 11, 2021 06:38 PM",WHOOP Activity ‚Üí 15.8 Day Strain,Workout,0.0,77.18333333333334,,,0.0,117.9,152.0,0.4610143830431492,1,86.22887711376981,5945220320
"Sep 11, 2021 03:21 PM",WHOOP Activity ‚Üí 13.9 Day Strain,Workout,0.0,55.25,,,0.0,134.0,151.0,0.5828917486752461,1,98.61927291526656,5944638653
"Sep 11, 2021 11:50 AM",WHOOP Weightlifting ‚Üí 6.7 Day Strain,WeightTraining,0.0,54.53333333333333,,,0.0,112.6,133.0,0.420893262679788,1,51.49842319221081,5943622283
"Sep 10, 2021 06:12 PM",WHOOP Weightlifting ‚Üí 6.1 Day Strain,WeightTraining,0.0,46.45,,,0.0,108.4,131.0,0.38909916729750194,1,38.15000265804126,5939188009
"Sep 09, 2021 05:50 PM",WHOOP Weightlifting ‚Üí 7.5 Day Strain,WeightTraining,0.0,24.933333333333334,,,0.0,110.4,138.0,0.40423921271763824,1,21.9024043653447,5934399422
"Jan 04, 2021 01:00 PM",Chester Valley Trail,Run,4.0088371436,33.333333333333336,8.314963202371317,8:19 /mi,49.2126,161.3,169.0,0.7895533686601061,3,119.84659088472769,4567064531
"Jan 02, 2021 12:41 PM",The this is pretty but I don‚Äôt know where I am Run,Run,2.3265994353000004,19.516666666666666,8.388494542959481,8:23 /mi,130.249348,153.9,169.0,0.7335352006056018,3,58.543887925227764,4555939665
"Dec 31, 2020 01:31 PM",Goodbye 2020,Run,3.1297214528,26.233333333333334,8.382002593190434,8:23 /mi,216.53544,158.1,169.0,0.7653292959878879,3,87.27063431338436,4545837883
"Dec 29, 2020 11:11 AM",Rosebud Motel,Run,4.0834016636,34.25,8.387614744174979,8:23 /mi,275.918644,157.9,169.0,0.7638152914458745,3,113.38426670794024,4535126558
"Dec 28, 2020 04:51 PM",Cooldown Sunset Run,Run,2.3948259711,19.3,8.059040712313244,8:04 /mi,136.81102800000002,161.5,171.0,0.7910673732021196,3,69.72663010741489,4531521346
"Dec 27, 2020 01:55 PM",The Scenic Route,Run,8.0240744085,66.46666666666667,8.283406070643826,8:17 /mi,453.084004,159.4,172.0,0.7751703255109766,3,228.23027444720682,4526541903
"Dec 26, 2020 03:06 PM",Heart Rate Yikes,Run,2.0079603865,15.916666666666666,7.926783204329247,7:56 /mi,133.858272,187.0,189.0,0.9841029523088569,5,103.62925619034533,4521545281
"Dec 24, 2020 10:17 AM",Happy Christmas Ron! ,Run,3.1934741173999996,23.983333333333334,7.510107316247678,7:31 /mi,136.482944,160.2,166.0,0.781226343679031,3,83.96695814551035,4512819791
"Dec 23, 2020 01:12 PM",This Time is Wildly Wrong,Run,3.1400362114,22.2,7.069982161161773,7:04 /mi,187.992132,160.6,168.0,0.7842543527630583,3,78.4796036160457,4509276462
"Dec 21, 2020 11:36 AM",Long Run Cooldown,Run,2.041825106,15.716666666666667,7.697361845773418,7:42 /mi,143.70079199999998,138.7,168.0,0.6184708554125662,2,31.87049158936007,4500647476
"Dec 20, 2020 02:27 PM",The City of Brotherly Love,Run,7.327828203,65.05,8.877118594752076,8:53 /mi,164.370084,146.7,173.0,0.6790310370931112,2,162.68362335907662,4497908292
"Dec 18, 2020 02:29 PM",Another Neighborhood Run,Run,3.1246262106000002,25.816666666666666,8.26232161116938,8:16 /mi,223.09712,159.4,168.0,0.7751703255109766,3,88.64811813408309,4488221102
"Dec 17, 2020 01:00 PM",Strictly Streets Today,Run,3.1262417752,25.066666666666666,8.018147177712459,8:01 /mi,224.081372,162.1,174.0,0.7956093868281605,3,91.87803870740589,4484188570
"Dec 16, 2020 11:45 AM",Pre-Snow Run,Run,3.1315234287,26.916666666666668,8.595390479911138,8:36 /mi,98.097116,159.5,181.0,0.7759273277819834,3,92.6500719978685,4480012498
"Dec 14, 2020 02:30 PM",‚ÄúRest‚Äù Day,Run,2.0058477251,15.95,7.95175017545503,7:57 /mi,153.543312,162.1,172.0,0.7956093868281605,3,58.462289257305464,4472443960
"Dec 13, 2020 12:57 PM",Longest Run in 22 Years,Run,6.3368035951,56.833333333333336,8.968769898009828,8:58 /mi,192.913392,156.2,169.0,0.7509462528387585,3,180.46170891052714,4468787027
"Dec 11, 2020 02:51 PM",Back Home & It‚Äôs Warm!!,Run,3.3879632404,29.466666666666665,8.697457609719427,8:42 /mi,131.2336,159.5,166.0,0.7759273277819834,3,101.42744723977181,4459523358
"Dec 10, 2020 03:10 PM",Afternoon Run,Run,4.1121090038000006,34.6,8.41417383829712,8:25 /mi,183.72704,161.5,174.0,0.7910673732021196,3,125.0021451666609,4455945276
"Dec 09, 2020 05:02 PM",Night Runs Hit Different,Run,3.121767904,27.983333333333334,8.963937805074357,8:58 /mi,139.107616,155.7,167.0,0.7471612414837244,3,87.76689798314754,4452126001
"Dec 07, 2020 01:49 PM",Week 2 Here we Go!,Run,3.2070200052,27.483333333333334,8.569741781707217,8:34 /mi,123.687668,162.5,172.0,0.7986373959121877,3,101.70894987400379,4442922222
"Dec 06, 2020 01:05 PM",Sunday Run Day,Run,4.2084215088,36.65,8.708728420706716,8:43 /mi,217.519692,162.5,170.0,0.7986373959121877,3,135.63249288837739,4439123748
"Dec 04, 2020 02:32 PM",Sheeesh,Run,3.5047188513000003,30.283333333333335,8.640731145124631,8:38 /mi,158.792656,170.6,181.0,0.8599545798637396,4,135.75266553948126,4429753008
"Dec 03, 2020 03:33 PM",That felt good??,Run,4.012192547,35.15,8.76079589606994,8:46 /mi,194.88189599999998,158.0,174.0,0.7645722937168812,3,116.64845195262787,4426215592
"Dec 01, 2020 04:30 PM",Cold = yikes,Run,2.0075875639,16.3,8.119197534943448,8:07 /mi,72.834648,158.3,171.0,0.7668433005299017,3,54.490776267970325,4417971421
